,child_id,video_onset,trial_type,absolute_onset,absolute_offset,trial_type_onset,trial_type_offset,relative_onset,relative_offset,fam_or_test,scene,trial_number
0,KNRZ66,2022-03-12 19:22:32.880,fam-barrier-jump,2022-03-12 19:22:36.505,2022-03-12 19:23:36.630,exp-lookit-video-infant-control:videoStarted,exp-lookit-video-infant-control:videoPaused,0 days 00:00:03.625000,0 days 00:01:03.750000,fam,barrier-jump,1
0,KNRZ66,2022-03-12 19:22:32.880,fam-barrier-jump,2022-03-12 19:23:39.125,2022-03-12 19:24:20.719,exp-lookit-video-infant-control:videoStarted,exp-lookit-video-infant-control:videoPaused,0 days 00:01:06.245000,0 days 00:01:47.839000,fam,barrier-jump,2
0,KNRZ66,2022-03-12 19:22:32.880,fam-barrier-jump,2022-03-12 19:24:23.309,2022-03-12 19:25:17.702,exp-lookit-video-infant-control:videoStarted,exp-lookit-video-infant-control:videoPaused,0 days 00:01:50.429000,0 days 00:02:44.822000,fam,barrier-jump,3
0,KNRZ66,2022-03-12 19:22:32.880,fam-barrier-jump,2022-03-12 19:25:20.296,2022-03-12 19:26:20.418,exp-lookit-video-infant-control:videoStarted,exp-lookit-video-infant-control:videoPaused,0 days 00:02:47.416000,0 days 00:03:47.538000,fam,barrier-jump,4
0,KNRZ66,2022-03-12 19:22:32.880,fam-barrier-jump,2022-03-12 19:26:22.962,2022-03-12 19:27:17.832,exp-lookit-video-infant-control:videoStarted,exp-lookit-video-infant-control:videoPaused,0 days 00:03:50.082000,0 days 00:04:44.952000,fam,barrier-jump,5
0,cDLXH2,2022-03-12 19:26:53.815,fam-barrier-jump,2022-03-12 19:26:56.837,2022-03-12 19:27:56.876,exp-lookit-video-infant-control:videoStarted,exp-lookit-video-infant-control:videoPaused,0 days 00:00:03.022000,0 days 00:01:03.061000,fam,barrier-jump,1
0,KNRZ66,2022-03-12 19:22:32.880,fam-barrier-jump,2022-03-12 19:27:20.331,2022-03-12 19:27:33.526,exp-lookit-video-infant-control:videoStarted,exp-lookit-video-infant-control:videoPaused,0 days 00:04:47.451000,0 days 00:05:00.646000,fam,barrier-jump,6
0,KNRZ66,2022-03-12 19:22:32.880,testA-barrier-jump,2022-03-12 19:27:36.429,2022-03-12 19:28:02.981,exp-lookit-video-infant-control:videoStarted,exp-lookit-video-infant-control:videoPaused,0 days 00:05:03.549000,0 days 00:05:30.101000,testA,barrier-jump,7
0,cDLXH2,2022-03-12 19:26:53.815,fam-barrier-jump,2022-03-12 19:27:59.191,2022-03-12 19:28:23.987,exp-lookit-video-infant-control:videoStarted,exp-lookit-video-infant-control:videoPaused,0 days 00:01:05.376000,0 days 00:01:30.172000,fam,barrier-jump,2
0,KNRZ66,2022-03-12 19:22:32.880,testA-barrier-jump-repeat-1,2022-03-12 19:28:09.822,2022-03-12 19:28:49.952,exp-lookit-video-infant-control:videoStarted,exp-lookit-video-infant-control:videoPaused,0 days 00:05:36.942000,0 days 00:06:17.072000,testA,barrier-jump-repeat-1,8
0,cDLXH2,2022-03-12 19:26:53.815,fam-barrier-jump,2022-03-12 19:28:26.259,2022-03-12 19:29:04.360,exp-lookit-video-infant-control:videoStarted,exp-lookit-video-infant-control:videoPaused,0 days 00:01:32.444000,0 days 00:02:10.545000,fam,barrier-jump,3
0,KNRZ66,2022-03-12 19:22:32.880,testB-barrier-jump,2022-03-12 19:28:53.169,2022-03-12 19:29:15.634,exp-lookit-video-infant-control:videoStarted,exp-lookit-video-infant-control:videoPaused,0 days 00:06:20.289000,0 days 00:06:42.754000,testB,barrier-jump,9
0,cDLXH2,2022-03-12 19:26:53.815,fam-barrier-jump,2022-03-12 19:29:06.595,2022-03-12 19:29:30.011,exp-lookit-video-infant-control:videoStarted,exp-lookit-video-infant-control:videoPaused,0 days 00:02:12.780000,0 days 00:02:36.196000,fam,barrier-jump,4
0,KNRZ66,2022-03-12 19:22:32.880,testA-barrier-jump,2022-03-12 19:29:18.287,2022-03-12 19:29:34.178,exp-lookit-video-infant-control:videoStarted,exp-lookit-video-infant-control:videoPaused,0 days 00:06:45.407000,0 days 00:07:01.298000,testA,barrier-jump,10
0,KNRZ66,2022-03-12 19:22:32.880,testB-barrier-jump,2022-03-12 19:29:36.782,2022-03-12 19:29:59.391,exp-lookit-video-infant-control:videoStarted,exp-lookit-video-infant-control:videoPaused,0 days 00:07:03.902000,0 days 00:07:26.511000,testB,barrier-jump,11
0,B4PKYH,2022-03-13 16:52:54.516,fam-barrier-jump,2022-03-13 16:53:09.544,2022-03-13 16:54:09.592,exp-lookit-video-infant-control:videoStarted,exp-lookit-video-infant-control:videoPaused,0 days 00:00:15.028000,0 days 00:01:15.076000,fam,barrier-jump,1
0,B4PKYH,2022-03-13 16:52:54.516,fam-barrier-jump,2022-03-13 16:54:11.780,2022-03-13 16:54:26.070,exp-lookit-video-infant-control:videoStarted,exp-lookit-video-infant-control:videoPaused,0 days 00:01:17.264000,0 days 00:01:31.554000,fam,barrier-jump,2
0,B4PKYH,2022-03-13 16:52:54.516,fam-barrier-jump,2022-03-13 16:54:28.274,2022-03-13 16:54:54.118,exp-lookit-video-infant-control:videoStarted,exp-lookit-video-infant-control:videoPaused,0 days 00:01:33.758000,0 days 00:01:59.602000,fam,barrier-jump,3
0,B4PKYH,2022-03-13 16:52:54.516,fam-barrier-jump,2022-03-13 16:54:56.319,2022-03-13 16:55:37.086,exp-lookit-video-infant-control:videoStarted,exp-lookit-video-infant-control:videoPaused,0 days 00:02:01.803000,0 days 00:02:42.570000,fam,barrier-jump,4
0,B4PKYH,2022-03-13 16:52:54.516,fam-barrier-jump,2022-03-13 16:55:39.310,2022-03-13 16:55:54.228,exp-lookit-video-infant-control:videoStarted,exp-lookit-video-infant-control:videoPaused,0 days 00:02:44.794000,0 days 00:02:59.712000,fam,barrier-jump,5
0,B4PKYH,2022-03-13 16:52:54.516,fam-barrier-jump,2022-03-13 16:55:56.456,2022-03-13 16:56:04.868,exp-lookit-video-infant-control:videoStarted,exp-lookit-video-infant-control:videoPaused,0 days 00:03:01.940000,0 days 00:03:10.352000,fam,barrier-jump,6
0,B4PKYH,2022-03-13 16:52:54.516,testA-barrier-jump,2022-03-13 16:56:23.274,2022-03-13 16:56:28.105,exp-lookit-video-infant-control:videoStarted,exp-lookit-video-infant-control:videoPaused,0 days 00:03:28.758000,0 days 00:03:33.589000,testA,barrier-jump,7
0,B4PKYH,2022-03-13 16:52:54.516,testB-barrier-jump,2022-03-13 16:56:48.032,2022-03-13 16:56:57.489,exp-lookit-video-infant-control:videoStarted,exp-lookit-video-infant-control:videoPaused,0 days 00:03:53.516000,0 days 00:04:02.973000,testB,barrier-jump,8
0,B4PKYH,2022-03-13 16:52:54.516,testA-barrier-jump,2022-03-13 16:56:59.715,2022-03-13 16:57:09.823,exp-lookit-video-infant-control:videoStarted,exp-lookit-video-infant-control:videoPaused,0 days 00:04:05.199000,0 days 00:04:15.307000,testA,barrier-jump,9
0,B4PKYH,2022-03-13 16:52:54.516,testB-barrier-jump,2022-03-13 16:57:12.042,2022-03-13 16:57:25.050,exp-lookit-video-infant-control:videoStarted,exp-lookit-video-infant-control:videoPaused,0 days 00:04:17.526000,0 days 00:04:30.534000,testB,barrier-jump,10
0,EAQALS,2022-03-14 15:57:14.923,fam-barrier-jump,2022-03-14 15:57:21.152,2022-03-14 15:58:21.208,exp-lookit-video-infant-control:videoStarted,exp-lookit-video-infant-control:videoPaused,0 days 00:00:06.229000,0 days 00:01:06.285000,fam,barrier-jump,1
0,EAQALS,2022-03-14 15:57:14.923,fam-barrier-jump,2022-03-14 15:58:23.560,2022-03-14 15:59:15.178,exp-lookit-video-infant-control:videoStarted,exp-lookit-video-infant-control:videoPaused,0 days 00:01:08.637000,0 days 00:02:00.255000,fam,barrier-jump,2
0,EAQALS,2022-03-14 15:57:14.923,fam-barrier-jump,2022-03-14 15:59:17.409,2022-03-14 15:59:26.790,exp-lookit-video-infant-control:videoStarted,exp-lookit-video-infant-control:videoPaused,0 days 00:02:02.486000,0 days 00:02:11.867000,fam,barrier-jump,3
0,EAQALS,2022-03-14 15:57:14.923,fam-barrier-jump,2022-03-14 15:59:28.987,2022-03-14 15:59:37.485,exp-lookit-video-infant-control:videoStarted,exp-lookit-video-infant-control:videoPaused,0 days 00:02:14.064000,0 days 00:02:22.562000,fam,barrier-jump,4
0,EAQALS,2022-03-14 15:57:14.923,fam-barrier-jump,2022-03-14 15:59:39.699,2022-03-14 16:00:15.105,exp-lookit-video-infant-control:videoStarted,exp-lookit-video-infant-control:videoPaused,0 days 00:02:24.776000,0 days 00:03:00.182000,fam,barrier-jump,5
0,EAQALS,2022-03-14 15:57:14.923,fam-barrier-jump,2022-03-14 16:00:17.369,2022-03-14 16:01:15.300,exp-lookit-video-infant-control:videoStarted,exp-lookit-video-infant-control:videoPaused,0 days 00:03:02.446000,0 days 00:04:00.377000,fam,barrier-jump,6
0,EAQALS,2022-03-14 15:57:14.923,testA-barrier-jump,2022-03-14 16:01:20.065,2022-03-14 16:02:20.122,exp-lookit-video-infant-control:videoStarted,exp-lookit-video-infant-control:videoPaused,0 days 00:04:05.142000,0 days 00:05:05.199000,testA,barrier-jump,7
0,EAQALS,2022-03-14 15:57:14.923,testB-barrier-jump,2022-03-14 16:02:25.656,2022-03-14 16:03:25.708,exp-lookit-video-infant-control:videoStarted,exp-lookit-video-infant-control:videoPaused,0 days 00:05:10.733000,0 days 00:06:10.785000,testB,barrier-jump,8
0,EAQALS,2022-03-14 15:57:14.923,testA-barrier-jump,2022-03-14 16:03:28.429,2022-03-14 16:04:28.482,exp-lookit-video-infant-control:videoStarted,exp-lookit-video-infant-control:videoPaused,0 days 00:06:13.506000,0 days 00:07:13.559000,testA,barrier-jump,9
0,EAQALS,2022-03-14 15:57:14.923,testB-barrier-jump,2022-03-14 16:04:31.120,2022-03-14 16:04:50.597,exp-lookit-video-infant-control:videoStarted,exp-lookit-video-infant-control:videoPaused,0 days 00:07:16.197000,0 days 00:07:35.674000,testB,barrier-jump,10
0,LQcEUF,2022-03-14 16:42:55.323,fam-barrier-jump,2022-03-14 16:42:58.564,2022-03-14 16:43:58.640,exp-lookit-video-infant-control:videoStarted,exp-lookit-video-infant-control:videoPaused,0 days 00:00:03.241000,0 days 00:01:03.317000,fam,barrier-jump,1
0,LQcEUF,2022-03-14 16:42:55.323,fam-barrier-jump,2022-03-14 16:44:00.960,2022-03-14 16:45:01.024,exp-lookit-video-infant-control:videoStarted,exp-lookit-video-infant-control:videoPaused,0 days 00:01:05.637000,0 days 00:02:05.701000,fam,barrier-jump,2
0,LQcEUF,2022-03-14 16:42:55.323,fam-barrier-jump,2022-03-14 16:45:03.252,2022-03-14 16:46:03.323,exp-lookit-video-infant-control:videoStarted,exp-lookit-video-infant-control:videoPaused,0 days 00:02:07.929000,0 days 00:03:08,fam,barrier-jump,3
0,LQcEUF,2022-03-14 16:42:55.323,fam-barrier-jump,2022-03-14 16:46:42.676,2022-03-14 16:47:42.766,exp-lookit-video-infant-control:videoStarted,exp-lookit-video-infant-control:videoPaused,0 days 00:03:47.353000,0 days 00:04:47.443000,fam,barrier-jump,4
0,LQcEUF,2022-03-14 16:42:55.323,fam-barrier-jump,2022-03-14 16:47:45.003,2022-03-14 16:48:45.053,exp-lookit-video-infant-control:videoStarted,exp-lookit-video-infant-control:videoPaused,0 days 00:04:49.680000,0 days 00:05:49.730000,fam,barrier-jump,5
0,LQcEUF,2022-03-14 16:42:55.323,fam-barrier-jump,2022-03-14 16:48:47.521,2022-03-14 16:49:47.590,exp-lookit-video-infant-control:videoStarted,exp-lookit-video-infant-control:videoPaused,0 days 00:05:52.198000,0 days 00:06:52.267000,fam,barrier-jump,6
0,LQcEUF,2022-03-14 16:42:55.323,testA-barrier-jump,2022-03-14 16:49:50.874,2022-03-14 16:50:26.231,exp-lookit-video-infant-control:videoStarted,exp-lookit-video-infant-control:videoPaused,0 days 00:06:55.551000,0 days 00:07:30.908000,testA,barrier-jump,7
0,LQcEUF,2022-03-14 16:42:55.323,testB-barrier-jump,2022-03-14 16:50:29.173,2022-03-14 16:51:29.256,exp-lookit-video-infant-control:videoStarted,exp-lookit-video-infant-control:videoPaused,0 days 00:07:33.850000,0 days 00:08:33.933000,testB,barrier-jump,8
0,LQcEUF,2022-03-14 16:42:55.323,testA-barrier-jump,2022-03-14 16:51:31.532,2022-03-14 16:52:31.594,exp-lookit-video-infant-control:videoStarted,exp-lookit-video-infant-control:videoPaused,0 days 00:08:36.209000,0 days 00:09:36.271000,testA,barrier-jump,9
0,LQcEUF,2022-03-14 16:42:55.323,testB-barrier-jump,2022-03-14 16:52:33.878,2022-03-14 16:53:33.949,exp-lookit-video-infant-control:videoStarted,exp-lookit-video-infant-control:videoPaused,0 days 00:09:38.555000,0 days 00:10:38.626000,testB,barrier-jump,10
0,5SVSMJ,2022-03-14 19:04:29.047,fam-barrier-jump,2022-03-14 19:04:32.293,2022-03-14 19:05:32.479,exp-lookit-video-infant-control:videoStarted,exp-lookit-video-infant-control:videoPaused,0 days 00:00:03.246000,0 days 00:01:03.432000,fam,barrier-jump,1
0,5SVSMJ,2022-03-14 19:04:29.047,fam-barrier-jump,2022-03-14 19:05:35.045,2022-03-14 19:06:35.157,exp-lookit-video-infant-control:videoStarted,exp-lookit-video-infant-control:videoPaused,0 days 00:01:05.998000,0 days 00:02:06.110000,fam,barrier-jump,2
0,5SVSMJ,2022-03-14 19:04:29.047,fam-barrier-jump,2022-03-14 19:06:37.433,2022-03-14 19:07:37.533,exp-lookit-video-infant-control:videoStarted,exp-lookit-video-infant-control:videoPaused,0 days 00:02:08.386000,0 days 00:03:08.486000,fam,barrier-jump,3
0,5SVSMJ,2022-03-14 19:04:29.047,fam-barrier-jump,2022-03-14 19:07:39.879,2022-03-14 19:08:39.980,exp-lookit-video-infant-control:videoStarted,exp-lookit-video-infant-control:videoPaused,0 days 00:03:10.832000,0 days 00:04:10.933000,fam,barrier-jump,4
0,5SVSMJ,2022-03-14 19:04:29.047,fam-barrier-jump,2022-03-14 19:08:42.239,2022-03-14 19:09:42.321,exp-lookit-video-infant-control:videoStarted,exp-lookit-video-infant-control:videoPaused,0 days 00:04:13.192000,0 days 00:05:13.274000,fam,barrier-jump,5
0,5SVSMJ,2022-03-14 19:04:29.047,fam-barrier-jump,2022-03-14 19:09:44.845,2022-03-14 19:10:34.416,exp-lookit-video-infant-control:videoStarted,exp-lookit-video-infant-control:videoPaused,0 days 00:05:15.798000,0 days 00:06:05.369000,fam,barrier-jump,6
0,5SVSMJ,2022-03-14 19:04:29.047,testA-barrier-jump,2022-03-14 19:10:37.175,2022-03-14 19:10:44.434,exp-lookit-video-infant-control:videoStarted,exp-lookit-video-infant-control:videoPaused,0 days 00:06:08.128000,0 days 00:06:15.387000,testA,barrier-jump,7
0,5SVSMJ,2022-03-14 19:04:29.047,testB-barrier-jump,2022-03-14 19:10:47.414,2022-03-14 19:10:52.994,exp-lookit-video-infant-control:videoStarted,exp-lookit-video-infant-control:videoPaused,0 days 00:06:18.367000,0 days 00:06:23.947000,testB,barrier-jump,8
0,5SVSMJ,2022-03-14 19:04:29.047,testA-barrier-jump,2022-03-14 19:10:55.358,2022-03-14 19:11:29.361,exp-lookit-video-infant-control:videoStarted,exp-lookit-video-infant-control:videoPaused,0 days 00:06:26.311000,0 days 00:07:00.314000,testA,barrier-jump,9
0,5SVSMJ,2022-03-14 19:04:29.047,testB-barrier-jump,2022-03-14 19:11:31.736,2022-03-14 19:12:04.547,exp-lookit-video-infant-control:videoStarted,exp-lookit-video-infant-control:videoPaused,0 days 00:07:02.689000,0 days 00:07:35.500000,testB,barrier-jump,10
0,EPUd7G,2022-03-16 12:19:53.671,fam-barrier-jump,2022-03-16 12:19:57.643,2022-03-16 12:20:18.858,exp-lookit-video-infant-control:videoStarted,exp-lookit-video-infant-control:videoPaused,0 days 00:00:03.972000,0 days 00:00:25.187000,fam,barrier-jump,1
0,EPUd7G,2022-03-16 12:19:53.671,fam-barrier-jump,2022-03-16 12:20:21.318,2022-03-16 12:20:45.306,exp-lookit-video-infant-control:videoStarted,exp-lookit-video-infant-control:videoPaused,0 days 00:00:27.647000,0 days 00:00:51.635000,fam,barrier-jump,2
0,EPUd7G,2022-03-16 12:19:53.671,fam-barrier-jump,2022-03-16 12:20:47.688,2022-03-16 12:21:47.762,exp-lookit-video-infant-control:videoStarted,exp-lookit-video-infant-control:videoPaused,0 days 00:00:54.017000,0 days 00:01:54.091000,fam,barrier-jump,3
0,EPUd7G,2022-03-16 12:19:53.671,fam-barrier-jump,2022-03-16 12:21:50.190,2022-03-16 12:22:50.286,exp-lookit-video-infant-control:videoStarted,exp-lookit-video-infant-control:videoPaused,0 days 00:01:56.519000,0 days 00:02:56.615000,fam,barrier-jump,4
0,EPUd7G,2022-03-16 12:19:53.671,fam-barrier-jump,2022-03-16 12:22:52.686,2022-03-16 12:23:52.810,exp-lookit-video-infant-control:videoStarted,exp-lookit-video-infant-control:videoPaused,0 days 00:02:59.015000,0 days 00:03:59.139000,fam,barrier-jump,5
0,EPUd7G,2022-03-16 12:19:53.671,fam-barrier-jump,2022-03-16 12:23:55.244,2022-03-16 12:24:55.315,exp-lookit-video-infant-control:videoStarted,exp-lookit-video-infant-control:videoPaused,0 days 00:04:01.573000,0 days 00:05:01.644000,fam,barrier-jump,6
0,EPUd7G,2022-03-16 12:19:53.671,testA-barrier-jump,2022-03-16 12:25:00.007,2022-03-16 12:25:51.463,exp-lookit-video-infant-control:videoStarted,exp-lookit-video-infant-control:videoPaused,0 days 00:05:06.336000,0 days 00:05:57.792000,testA,barrier-jump,7
0,EPUd7G,2022-03-16 12:19:53.671,testB-barrier-jump,2022-03-16 12:25:55.299,2022-03-16 12:26:04.333,exp-lookit-video-infant-control:videoStarted,exp-lookit-video-infant-control:videoPaused,0 days 00:06:01.628000,0 days 00:06:10.662000,testB,barrier-jump,8
0,EPUd7G,2022-03-16 12:19:53.671,testA-barrier-jump,2022-03-16 12:26:06.762,2022-03-16 12:26:23.040,exp-lookit-video-infant-control:videoStarted,exp-lookit-video-infant-control:videoPaused,0 days 00:06:13.091000,0 days 00:06:29.369000,testA,barrier-jump,9
0,EPUd7G,2022-03-16 12:19:53.671,testB-barrier-jump,2022-03-16 12:26:25.483,2022-03-16 12:26:44.904,exp-lookit-video-infant-control:videoStarted,exp-lookit-video-infant-control:videoPaused,0 days 00:06:31.812000,0 days 00:06:51.233000,testB,barrier-jump,10
0,UQLcRA,2022-03-16 22:19:50.873,fam-barrier-jump,2022-03-16 22:19:54.469,2022-03-16 22:20:54.539,exp-lookit-video-infant-control:videoStarted,exp-lookit-video-infant-control:videoPaused,0 days 00:00:03.596000,0 days 00:01:03.666000,fam,barrier-jump,1
0,UQLcRA,2022-03-16 22:19:50.873,fam-barrier-jump,2022-03-16 22:20:56.929,2022-03-16 22:21:45.405,exp-lookit-video-infant-control:videoStarted,exp-lookit-video-infant-control:videoPaused,0 days 00:01:06.056000,0 days 00:01:54.532000,fam,barrier-jump,2
0,UQLcRA,2022-03-16 22:19:50.873,fam-barrier-jump,2022-03-16 22:21:47.673,2022-03-16 22:22:47.749,exp-lookit-video-infant-control:videoStarted,exp-lookit-video-infant-control:videoPaused,0 days 00:01:56.800000,0 days 00:02:56.876000,fam,barrier-jump,3
0,UQLcRA,2022-03-16 22:19:50.873,fam-barrier-jump,2022-03-16 22:22:50.017,2022-03-16 22:23:17.043,exp-lookit-video-infant-control:videoStarted,exp-lookit-video-infant-control:videoPaused,0 days 00:02:59.144000,0 days 00:03:26.170000,fam,barrier-jump,4
0,UQLcRA,2022-03-16 22:19:50.873,fam-barrier-jump,2022-03-16 22:23:19.279,2022-03-16 22:24:17.711,exp-lookit-video-infant-control:videoStarted,exp-lookit-video-infant-control:videoPaused,0 days 00:03:28.406000,0 days 00:04:26.838000,fam,barrier-jump,5
0,UQLcRA,2022-03-16 22:19:50.873,fam-barrier-jump,2022-03-16 22:24:19.954,2022-03-16 22:24:29.815,exp-lookit-video-infant-control:videoStarted,exp-lookit-video-infant-control:videoPaused,0 days 00:04:29.081000,0 days 00:04:38.942000,fam,barrier-jump,6
0,UQLcRA,2022-03-16 22:19:50.873,testA-barrier-jump,2022-03-16 22:24:32.891,2022-03-16 22:24:55.965,exp-lookit-video-infant-control:videoStarted,exp-lookit-video-infant-control:videoPaused,0 days 00:04:42.018000,0 days 00:05:05.092000,testA,barrier-jump,7
0,UQLcRA,2022-03-16 22:19:50.873,testB-barrier-jump,2022-03-16 22:24:59.217,2022-03-16 22:25:36.048,exp-lookit-video-infant-control:videoStarted,exp-lookit-video-infant-control:videoPaused,0 days 00:05:08.344000,0 days 00:05:45.175000,testB,barrier-jump,8
0,UQLcRA,2022-03-16 22:19:50.873,testA-barrier-jump,2022-03-16 22:25:38.336,2022-03-16 22:26:38.393,exp-lookit-video-infant-control:videoStarted,exp-lookit-video-infant-control:videoPaused,0 days 00:05:47.463000,0 days 00:06:47.520000,testA,barrier-jump,9
0,UQLcRA,2022-03-16 22:19:50.873,testB-barrier-jump,2022-03-16 22:26:40.700,2022-03-16 22:27:29.234,exp-lookit-video-infant-control:videoStarted,exp-lookit-video-infant-control:videoPaused,0 days 00:06:49.827000,0 days 00:07:38.361000,testB,barrier-jump,10
0,SCJBUW,2022-03-17 01:00:23.788,fam-barrier-jump,2022-03-17 01:00:28.012,2022-03-17 01:01:24.426,exp-lookit-video-infant-control:videoStarted,exp-lookit-video-infant-control:videoPaused,0 days 00:00:04.224000,0 days 00:01:00.638000,fam,barrier-jump,1
0,SCJBUW,2022-03-17 01:00:23.788,fam-barrier-jump,2022-03-17 01:01:26.758,2022-03-17 01:02:26.819,exp-lookit-video-infant-control:videoStarted,exp-lookit-video-infant-control:videoPaused,0 days 00:01:02.970000,0 days 00:02:03.031000,fam,barrier-jump,2
0,SCJBUW,2022-03-17 01:00:23.788,fam-barrier-jump,2022-03-17 01:02:29.081,2022-03-17 01:03:04.888,exp-lookit-video-infant-control:videoStarted,exp-lookit-video-infant-control:videoPaused,0 days 00:02:05.293000,0 days 00:02:41.100000,fam,barrier-jump,3
0,SCJBUW,2022-03-17 01:00:23.788,fam-barrier-jump,2022-03-17 01:03:07.196,2022-03-17 01:04:07.247,exp-lookit-video-infant-control:videoStarted,exp-lookit-video-infant-control:videoPaused,0 days 00:02:43.408000,0 days 00:03:43.459000,fam,barrier-jump,4
0,SCJBUW,2022-03-17 01:00:23.788,fam-barrier-jump,2022-03-17 01:04:09.467,2022-03-17 01:04:58.785,exp-lookit-video-infant-control:videoStarted,exp-lookit-video-infant-control:videoPaused,0 days 00:03:45.679000,0 days 00:04:34.997000,fam,barrier-jump,5
0,SCJBUW,2022-03-17 01:00:23.788,fam-barrier-jump,2022-03-17 01:05:01.038,2022-03-17 01:05:24.458,exp-lookit-video-infant-control:videoStarted,exp-lookit-video-infant-control:videoPaused,0 days 00:04:37.250000,0 days 00:05:00.670000,fam,barrier-jump,6
0,SCJBUW,2022-03-17 01:00:23.788,testA-barrier-jump,2022-03-17 01:05:27.583,2022-03-17 01:05:37.148,exp-lookit-video-infant-control:videoStarted,exp-lookit-video-infant-control:videoPaused,0 days 00:05:03.795000,0 days 00:05:13.360000,testA,barrier-jump,7
0,SCJBUW,2022-03-17 01:00:23.788,testB-barrier-jump,2022-03-17 01:05:40.252,2022-03-17 01:05:53.155,exp-lookit-video-infant-control:videoStarted,exp-lookit-video-infant-control:videoPaused,0 days 00:05:16.464000,0 days 00:05:29.367000,testB,barrier-jump,8
0,SCJBUW,2022-03-17 01:00:23.788,testA-barrier-jump,2022-03-17 01:05:55.378,2022-03-17 01:06:43.810,exp-lookit-video-infant-control:videoStarted,exp-lookit-video-infant-control:videoPaused,0 days 00:05:31.590000,0 days 00:06:20.022000,testA,barrier-jump,9
0,SCJBUW,2022-03-17 01:00:23.788,testB-barrier-jump,2022-03-17 01:06:46.356,2022-03-17 01:07:09.415,exp-lookit-video-infant-control:videoStarted,exp-lookit-video-infant-control:videoPaused,0 days 00:06:22.568000,0 days 00:06:45.627000,testB,barrier-jump,10
0,BUFC2D,2022-03-17 12:26:15.825,fam-barrier-jump,2022-03-17 12:26:19.259,2022-03-17 12:26:47.489,exp-lookit-video-infant-control:videoStarted,exp-lookit-video-infant-control:videoPaused,0 days 00:00:03.434000,0 days 00:00:31.664000,fam,barrier-jump,1
0,BUFC2D,2022-03-17 12:26:15.825,fam-barrier-jump,2022-03-17 12:26:49.810,2022-03-17 12:27:13.268,exp-lookit-video-infant-control:videoStarted,exp-lookit-video-infant-control:videoPaused,0 days 00:00:33.985000,0 days 00:00:57.443000,fam,barrier-jump,2
0,BUFC2D,2022-03-17 12:26:15.825,fam-barrier-jump,2022-03-17 12:27:15.562,2022-03-17 12:27:43.563,exp-lookit-video-infant-control:videoStarted,exp-lookit-video-infant-control:videoPaused,0 days 00:00:59.737000,0 days 00:01:27.738000,fam,barrier-jump,3
0,BUFC2D,2022-03-17 12:26:15.825,fam-barrier-jump,2022-03-17 12:27:45.866,2022-03-17 12:28:45.946,exp-lookit-video-infant-control:videoStarted,exp-lookit-video-infant-control:videoPaused,0 days 00:01:30.041000,0 days 00:02:30.121000,fam,barrier-jump,4
0,BUFC2D,2022-03-17 12:26:15.825,fam-barrier-jump,2022-03-17 12:28:48.244,2022-03-17 12:29:47.660,exp-lookit-video-infant-control:videoStarted,exp-lookit-video-infant-control:videoPaused,0 days 00:02:32.419000,0 days 00:03:31.835000,fam,barrier-jump,5
0,BUFC2D,2022-03-17 12:26:15.825,fam-barrier-jump,2022-03-17 12:29:49.980,2022-03-17 12:30:04.677,exp-lookit-video-infant-control:videoStarted,exp-lookit-video-infant-control:videoPaused,0 days 00:03:34.155000,0 days 00:03:48.852000,fam,barrier-jump,6
0,BUFC2D,2022-03-17 12:26:15.825,testA-barrier-jump,2022-03-17 12:30:07.592,2022-03-17 12:30:52.361,exp-lookit-video-infant-control:videoStarted,exp-lookit-video-infant-control:videoPaused,0 days 00:03:51.767000,0 days 00:04:36.536000,testA,barrier-jump,7
0,BUFC2D,2022-03-17 12:26:15.825,testB-barrier-jump,2022-03-17 12:30:55.196,2022-03-17 12:31:11.627,exp-lookit-video-infant-control:videoStarted,exp-lookit-video-infant-control:videoPaused,0 days 00:04:39.371000,0 days 00:04:55.802000,testB,barrier-jump,8
0,BUFC2D,2022-03-17 12:26:15.825,testA-barrier-jump,2022-03-17 12:31:13.929,2022-03-17 12:31:39.906,exp-lookit-video-infant-control:videoStarted,exp-lookit-video-infant-control:videoPaused,0 days 00:04:58.104000,0 days 00:05:24.081000,testA,barrier-jump,9
0,BUFC2D,2022-03-17 12:26:15.825,testB-barrier-jump,2022-03-17 12:31:42.457,2022-03-17 12:31:52.712,exp-lookit-video-infant-control:videoStarted,exp-lookit-video-infant-control:videoPaused,0 days 00:05:26.632000,0 days 00:05:36.887000,testB,barrier-jump,10
0,QTWP3c,2022-03-17 12:57:57.597,fam-barrier-jump,2022-03-17 12:58:01.092,2022-03-17 12:59:01.125,exp-lookit-video-infant-control:videoStarted,exp-lookit-video-infant-control:videoPaused,0 days 00:00:03.495000,0 days 00:01:03.528000,fam,barrier-jump,1
0,QTWP3c,2022-03-17 12:57:57.597,fam-barrier-jump,2022-03-17 12:59:03.337,2022-03-17 13:00:03.367,exp-lookit-video-infant-control:videoStarted,exp-lookit-video-infant-control:videoPaused,0 days 00:01:05.740000,0 days 00:02:05.770000,fam,barrier-jump,2
0,QTWP3c,2022-03-17 12:57:57.597,fam-barrier-jump,2022-03-17 13:00:05.512,2022-03-17 13:00:57.709,exp-lookit-video-infant-control:videoStarted,exp-lookit-video-infant-control:videoPaused,0 days 00:02:07.915000,0 days 00:03:00.112000,fam,barrier-jump,3
0,QTWP3c,2022-03-17 12:57:57.597,fam-barrier-jump,2022-03-17 13:00:59.854,2022-03-17 13:01:23.079,exp-lookit-video-infant-control:videoStarted,exp-lookit-video-infant-control:videoPaused,0 days 00:03:02.257000,0 days 00:03:25.482000,fam,barrier-jump,4
0,QTWP3c,2022-03-17 12:57:57.597,fam-barrier-jump,2022-03-17 13:01:25.215,2022-03-17 13:02:25.246,exp-lookit-video-infant-control:videoStarted,exp-lookit-video-infant-control:videoPaused,0 days 00:03:27.618000,0 days 00:04:27.649000,fam,barrier-jump,5
0,QTWP3c,2022-03-17 12:57:57.597,fam-barrier-jump,2022-03-17 13:02:27.401,2022-03-17 13:03:10.648,exp-lookit-video-infant-control:videoStarted,exp-lookit-video-infant-control:videoPaused,0 days 00:04:29.804000,0 days 00:05:13.051000,fam,barrier-jump,6
0,QTWP3c,2022-03-17 12:57:57.597,testA-barrier-jump,2022-03-17 13:03:14.194,2022-03-17 13:04:09.554,exp-lookit-video-infant-control:videoStarted,exp-lookit-video-infant-control:videoPaused,0 days 00:05:16.597000,0 days 00:06:11.957000,testA,barrier-jump,7
0,QTWP3c,2022-03-17 12:57:57.597,testB-barrier-jump,2022-03-17 13:04:12.791,2022-03-17 13:04:41.868,exp-lookit-video-infant-control:videoStarted,exp-lookit-video-infant-control:videoPaused,0 days 00:06:15.194000,0 days 00:06:44.271000,testB,barrier-jump,8
0,QTWP3c,2022-03-17 12:57:57.597,testA-barrier-jump,2022-03-17 13:04:44.048,2022-03-17 13:04:52.194,exp-lookit-video-infant-control:videoStarted,exp-lookit-video-infant-control:videoPaused,0 days 00:06:46.451000,0 days 00:06:54.597000,testA,barrier-jump,9
0,QTWP3c,2022-03-17 12:57:57.597,testB-barrier-jump,2022-03-17 13:04:54.332,2022-03-17 13:05:35.284,exp-lookit-video-infant-control:videoStarted,exp-lookit-video-infant-control:videoPaused,0 days 00:06:56.735000,0 days 00:07:37.687000,testB,barrier-jump,10
0,PG5HNX,2022-03-17 15:55:45.612,fam-barrier-jump,2022-03-17 15:55:49.144,2022-03-17 15:56:22.329,exp-lookit-video-infant-control:videoStarted,exp-lookit-video-infant-control:videoPaused,0 days 00:00:03.532000,0 days 00:00:36.717000,fam,barrier-jump,1
0,PG5HNX,2022-03-17 15:55:45.612,fam-barrier-jump,2022-03-17 15:56:24.755,2022-03-17 15:57:17.438,exp-lookit-video-infant-control:videoStarted,exp-lookit-video-infant-control:videoPaused,0 days 00:00:39.143000,0 days 00:01:31.826000,fam,barrier-jump,2
0,PG5HNX,2022-03-17 15:55:45.612,fam-barrier-jump,2022-03-17 15:57:19.853,2022-03-17 15:58:08.108,exp-lookit-video-infant-control:videoStarted,exp-lookit-video-infant-control:videoPaused,0 days 00:01:34.241000,0 days 00:02:22.496000,fam,barrier-jump,3
0,PG5HNX,2022-03-17 15:55:45.612,fam-barrier-jump,2022-03-17 15:58:25.751,2022-03-17 15:58:44.406,exp-lookit-video-infant-control:videoStarted,exp-lookit-video-infant-control:videoPaused,0 days 00:02:40.139000,0 days 00:02:58.794000,fam,barrier-jump,4
0,PG5HNX,2022-03-17 15:55:45.612,fam-barrier-jump,2022-03-17 15:58:46.843,2022-03-17 15:58:53.342,exp-lookit-video-infant-control:videoStarted,exp-lookit-video-infant-control:videoPaused,0 days 00:03:01.231000,0 days 00:03:07.730000,fam,barrier-jump,5
0,PG5HNX,2022-03-17 15:55:45.612,fam-barrier-jump,2022-03-17 15:58:55.825,2022-03-17 15:58:59.100,exp-lookit-video-infant-control:videoStarted,exp-lookit-video-infant-control:videoPaused,0 days 00:03:10.213000,0 days 00:03:13.488000,fam,barrier-jump,6
0,PG5HNX,2022-03-17 15:55:45.612,testA-barrier-jump,2022-03-17 15:59:02.128,2022-03-17 15:59:10.738,exp-lookit-video-infant-control:videoStarted,exp-lookit-video-infant-control:videoPaused,0 days 00:03:16.516000,0 days 00:03:25.126000,testA,barrier-jump,7
0,PG5HNX,2022-03-17 15:55:45.612,testB-barrier-jump,2022-03-17 15:59:13.891,2022-03-17 15:59:19.651,exp-lookit-video-infant-control:videoStarted,exp-lookit-video-infant-control:videoPaused,0 days 00:03:28.279000,0 days 00:03:34.039000,testB,barrier-jump,8
0,PG5HNX,2022-03-17 15:55:45.612,testA-barrier-jump,2022-03-17 15:59:22.318,2022-03-17 16:00:22.376,exp-lookit-video-infant-control:videoStarted,exp-lookit-video-infant-control:videoPaused,0 days 00:03:36.706000,0 days 00:04:36.764000,testA,barrier-jump,9
0,PG5HNX,2022-03-17 15:55:45.612,testB-barrier-jump,2022-03-17 16:00:24.841,2022-03-17 16:00:56.497,exp-lookit-video-infant-control:videoStarted,exp-lookit-video-infant-control:videoPaused,0 days 00:04:39.229000,0 days 00:05:10.885000,testB,barrier-jump,10
0,KEFCC4,2022-03-18 01:04:14.562,fam-barrier-jump,2022-03-18 01:04:18.782,2022-03-18 01:05:18.810,exp-lookit-video-infant-control:videoStarted,exp-lookit-video-infant-control:videoPaused,0 days 00:00:04.220000,0 days 00:01:04.248000,fam,barrier-jump,1
0,KEFCC4,2022-03-18 01:04:14.562,fam-barrier-jump,2022-03-18 01:05:20.975,2022-03-18 01:06:21.000,exp-lookit-video-infant-control:videoStarted,exp-lookit-video-infant-control:videoPaused,0 days 00:01:06.413000,0 days 00:02:06.438000,fam,barrier-jump,2
0,KEFCC4,2022-03-18 01:04:14.562,fam-barrier-jump,2022-03-18 01:06:23.142,2022-03-18 01:07:23.165,exp-lookit-video-infant-control:videoStarted,exp-lookit-video-infant-control:videoPaused,0 days 00:02:08.580000,0 days 00:03:08.603000,fam,barrier-jump,3
0,KEFCC4,2022-03-18 01:04:14.562,fam-barrier-jump,2022-03-18 01:07:25.303,2022-03-18 01:08:10.471,exp-lookit-video-infant-control:videoStarted,exp-lookit-video-infant-control:videoPaused,0 days 00:03:10.741000,0 days 00:03:55.909000,fam,barrier-jump,4
0,KEFCC4,2022-03-18 01:04:14.562,fam-barrier-jump,2022-03-18 01:08:12.630,2022-03-18 01:08:45.916,exp-lookit-video-infant-control:videoStarted,exp-lookit-video-infant-control:videoPaused,0 days 00:03:58.068000,0 days 00:04:31.354000,fam,barrier-jump,5
0,KEFCC4,2022-03-18 01:04:14.562,fam-barrier-jump,2022-03-18 01:08:48.050,2022-03-18 01:09:12.793,exp-lookit-video-infant-control:videoStarted,exp-lookit-video-infant-control:videoPaused,0 days 00:04:33.488000,0 days 00:04:58.231000,fam,barrier-jump,6
0,KEFCC4,2022-03-18 01:04:14.562,testA-barrier-jump,2022-03-18 01:09:16.618,2022-03-18 01:09:56.693,exp-lookit-video-infant-control:videoStarted,exp-lookit-video-infant-control:videoPaused,0 days 00:05:02.056000,0 days 00:05:42.131000,testA,barrier-jump,7
0,KEFCC4,2022-03-18 01:04:14.562,testB-barrier-jump,2022-03-18 01:10:00.025,2022-03-18 01:10:24.500,exp-lookit-video-infant-control:videoStarted,exp-lookit-video-infant-control:videoPaused,0 days 00:05:45.463000,0 days 00:06:09.938000,testB,barrier-jump,8
0,KEFCC4,2022-03-18 01:04:14.562,testA-barrier-jump,2022-03-18 01:10:26.630,2022-03-18 01:10:54.004,exp-lookit-video-infant-control:videoStarted,exp-lookit-video-infant-control:videoPaused,0 days 00:06:12.068000,0 days 00:06:39.442000,testA,barrier-jump,9
0,KEFCC4,2022-03-18 01:04:14.562,testB-barrier-jump,2022-03-18 01:10:56.130,2022-03-18 01:11:50.390,exp-lookit-video-infant-control:videoStarted,exp-lookit-video-infant-control:videoPaused,0 days 00:06:41.568000,0 days 00:07:35.828000,testB,barrier-jump,10
0,dKcS7S,2022-03-18 13:47:17.656,fam-barrier-jump,2022-03-18 13:47:22.586,2022-03-18 13:48:22.668,exp-lookit-video-infant-control:videoStarted,exp-lookit-video-infant-control:videoPaused,0 days 00:00:04.930000,0 days 00:01:05.012000,fam,barrier-jump,1
0,dKcS7S,2022-03-18 13:47:17.656,fam-barrier-jump,2022-03-18 13:48:25.227,2022-03-18 13:49:25.326,exp-lookit-video-infant-control:videoStarted,exp-lookit-video-infant-control:videoPaused,0 days 00:01:07.571000,0 days 00:02:07.670000,fam,barrier-jump,2
0,dKcS7S,2022-03-18 13:47:17.656,fam-barrier-jump,2022-03-18 13:49:27.782,2022-03-18 13:50:27.865,exp-lookit-video-infant-control:videoStarted,exp-lookit-video-infant-control:videoPaused,0 days 00:02:10.126000,0 days 00:03:10.209000,fam,barrier-jump,3
0,dKcS7S,2022-03-18 13:47:17.656,fam-barrier-jump,2022-03-18 13:50:30.245,2022-03-18 13:51:30.348,exp-lookit-video-infant-control:videoStarted,exp-lookit-video-infant-control:videoPaused,0 days 00:03:12.589000,0 days 00:04:12.692000,fam,barrier-jump,4
0,dKcS7S,2022-03-18 13:47:17.656,fam-barrier-jump,2022-03-18 13:51:32.703,2022-03-18 13:52:22.276,exp-lookit-video-infant-control:videoStarted,exp-lookit-video-infant-control:videoPaused,0 days 00:04:15.047000,0 days 00:05:04.620000,fam,barrier-jump,5
0,dKcS7S,2022-03-18 13:47:17.656,fam-barrier-jump,2022-03-18 13:52:24.803,2022-03-18 13:52:46.810,exp-lookit-video-infant-control:videoStarted,exp-lookit-video-infant-control:videoPaused,0 days 00:05:07.147000,0 days 00:05:29.154000,fam,barrier-jump,6
0,dKcS7S,2022-03-18 13:47:17.656,testA-barrier-jump,2022-03-18 13:52:50.199,2022-03-18 13:53:15.054,exp-lookit-video-infant-control:videoStarted,exp-lookit-video-infant-control:videoPaused,0 days 00:05:32.543000,0 days 00:05:57.398000,testA,barrier-jump,7
0,dKcS7S,2022-03-18 13:47:17.656,testB-barrier-jump,2022-03-18 13:53:18.131,2022-03-18 13:53:33.862,exp-lookit-video-infant-control:videoStarted,exp-lookit-video-infant-control:videoPaused,0 days 00:06:00.475000,0 days 00:06:16.206000,testB,barrier-jump,8
0,dKcS7S,2022-03-18 13:47:17.656,testA-barrier-jump,2022-03-18 13:53:36.380,2022-03-18 13:53:58.769,exp-lookit-video-infant-control:videoStarted,exp-lookit-video-infant-control:videoPaused,0 days 00:06:18.724000,0 days 00:06:41.113000,testA,barrier-jump,9
0,dKcS7S,2022-03-18 13:47:17.656,testB-barrier-jump,2022-03-18 13:54:01.325,2022-03-18 13:54:20.502,exp-lookit-video-infant-control:videoStarted,exp-lookit-video-infant-control:videoPaused,0 days 00:06:43.669000,0 days 00:07:02.846000,testB,barrier-jump,10
0,WUTVC2,2022-03-19 01:30:18.119,fam-barrier-jump,2022-03-19 01:30:20.968,2022-03-19 01:31:21.013,exp-lookit-video-infant-control:videoStarted,exp-lookit-video-infant-control:videoPaused,0 days 00:00:02.849000,0 days 00:01:02.894000,fam,barrier-jump,1
0,WUTVC2,2022-03-19 01:30:18.119,fam-barrier-jump,2022-03-19 01:31:23.249,2022-03-19 01:32:23.295,exp-lookit-video-infant-control:videoStarted,exp-lookit-video-infant-control:videoPaused,0 days 00:01:05.130000,0 days 00:02:05.176000,fam,barrier-jump,2
0,WUTVC2,2022-03-19 01:30:18.119,fam-barrier-jump,2022-03-19 01:32:25.522,2022-03-19 01:33:25.562,exp-lookit-video-infant-control:videoStarted,exp-lookit-video-infant-control:videoPaused,0 days 00:02:07.403000,0 days 00:03:07.443000,fam,barrier-jump,3
0,WUTVC2,2022-03-19 01:30:18.119,fam-barrier-jump,2022-03-19 01:33:27.798,2022-03-19 01:33:45.770,exp-lookit-video-infant-control:videoStarted,exp-lookit-video-infant-control:videoPaused,0 days 00:03:09.679000,0 days 00:03:27.651000,fam,barrier-jump,4
0,WUTVC2,2022-03-19 01:30:18.119,fam-barrier-jump,2022-03-19 01:33:47.989,2022-03-19 01:34:48.031,exp-lookit-video-infant-control:videoStarted,exp-lookit-video-infant-control:videoPaused,0 days 00:03:29.870000,0 days 00:04:29.912000,fam,barrier-jump,5
0,WUTVC2,2022-03-19 01:30:18.119,fam-barrier-jump,2022-03-19 01:34:50.281,2022-03-19 01:35:50.330,exp-lookit-video-infant-control:videoStarted,exp-lookit-video-infant-control:videoPaused,0 days 00:04:32.162000,0 days 00:05:32.211000,fam,barrier-jump,6
0,WUTVC2,2022-03-19 01:30:18.119,testA-barrier-jump,2022-03-19 01:35:52.949,2022-03-19 01:36:15.800,exp-lookit-video-infant-control:videoStarted,exp-lookit-video-infant-control:videoPaused,0 days 00:05:34.830000,0 days 00:05:57.681000,testA,barrier-jump,7
0,WUTVC2,2022-03-19 01:30:18.119,testB-barrier-jump,2022-03-19 01:36:18.305,2022-03-19 01:37:18.350,exp-lookit-video-infant-control:videoStarted,exp-lookit-video-infant-control:videoPaused,0 days 00:06:00.186000,0 days 00:07:00.231000,testB,barrier-jump,8
0,WUTVC2,2022-03-19 01:30:18.119,testA-barrier-jump,2022-03-19 01:37:20.646,2022-03-19 01:38:06.728,exp-lookit-video-infant-control:videoStarted,exp-lookit-video-infant-control:videoPaused,0 days 00:07:02.527000,0 days 00:07:48.609000,testA,barrier-jump,9
0,WUTVC2,2022-03-19 01:30:18.119,testB-barrier-jump,2022-03-19 01:38:08.988,2022-03-19 01:38:26.540,exp-lookit-video-infant-control:videoStarted,exp-lookit-video-infant-control:videoPaused,0 days 00:07:50.869000,0 days 00:08:08.421000,testB,barrier-jump,10
0,XFWXFW,2022-03-19 19:37:53.734,fam-barrier-jump,2022-03-19 19:37:56.571,2022-03-19 19:38:56.645,exp-lookit-video-infant-control:videoStarted,exp-lookit-video-infant-control:videoPaused,0 days 00:00:02.837000,0 days 00:01:02.911000,fam,barrier-jump,1
0,XFWXFW,2022-03-19 19:37:53.734,fam-barrier-jump,2022-03-19 19:38:58.936,2022-03-19 19:39:59.032,exp-lookit-video-infant-control:videoStarted,exp-lookit-video-infant-control:videoPaused,0 days 00:01:05.202000,0 days 00:02:05.298000,fam,barrier-jump,2
0,XFWXFW,2022-03-19 19:37:53.734,fam-barrier-jump,2022-03-19 19:40:01.311,2022-03-19 19:40:25.185,exp-lookit-video-infant-control:videoStarted,exp-lookit-video-infant-control:videoPaused,0 days 00:02:07.577000,0 days 00:02:31.451000,fam,barrier-jump,3
0,XFWXFW,2022-03-19 19:37:53.734,fam-barrier-jump,2022-03-19 19:40:27.561,2022-03-19 19:41:27.686,exp-lookit-video-infant-control:videoStarted,exp-lookit-video-infant-control:videoPaused,0 days 00:02:33.827000,0 days 00:03:33.952000,fam,barrier-jump,4
0,XFWXFW,2022-03-19 19:37:53.734,fam-barrier-jump,2022-03-19 19:41:29.957,2022-03-19 19:42:17.137,exp-lookit-video-infant-control:videoStarted,exp-lookit-video-infant-control:videoPaused,0 days 00:03:36.223000,0 days 00:04:23.403000,fam,barrier-jump,5
0,XFWXFW,2022-03-19 19:37:53.734,fam-barrier-jump,2022-03-19 19:42:19.366,2022-03-19 19:43:19.470,exp-lookit-video-infant-control:videoStarted,exp-lookit-video-infant-control:videoPaused,0 days 00:04:25.632000,0 days 00:05:25.736000,fam,barrier-jump,6
0,XFWXFW,2022-03-19 19:37:53.734,testA-barrier-jump,2022-03-19 19:43:22.295,2022-03-19 19:44:04.297,exp-lookit-video-infant-control:videoStarted,exp-lookit-video-infant-control:videoPaused,0 days 00:05:28.561000,0 days 00:06:10.563000,testA,barrier-jump,7
0,XFWXFW,2022-03-19 19:37:53.734,testB-barrier-jump,2022-03-19 19:44:06.921,2022-03-19 19:44:20.858,exp-lookit-video-infant-control:videoStarted,exp-lookit-video-infant-control:videoPaused,0 days 00:06:13.187000,0 days 00:06:27.124000,testB,barrier-jump,8
0,XFWXFW,2022-03-19 19:37:53.734,testA-barrier-jump,2022-03-19 19:44:23.161,2022-03-19 19:44:36.550,exp-lookit-video-infant-control:videoStarted,exp-lookit-video-infant-control:videoPaused,0 days 00:06:29.427000,0 days 00:06:42.816000,testA,barrier-jump,9
0,XFWXFW,2022-03-19 19:37:53.734,testB-barrier-jump,2022-03-19 19:44:38.766,2022-03-19 19:44:53.383,exp-lookit-video-infant-control:videoStarted,exp-lookit-video-infant-control:videoPaused,0 days 00:06:45.032000,0 days 00:06:59.649000,testB,barrier-jump,10
0,ZCEHSD,2022-03-19 20:09:32.121,fam-barrier-jump,2022-03-19 20:09:35.150,2022-03-19 20:10:32.594,exp-lookit-video-infant-control:videoStarted,exp-lookit-video-infant-control:videoPaused,0 days 00:00:03.029000,0 days 00:01:00.473000,fam,barrier-jump,1
0,ZCEHSD,2022-03-19 20:09:32.121,fam-barrier-jump,2022-03-19 20:10:34.885,2022-03-19 20:10:43.056,exp-lookit-video-infant-control:videoStarted,exp-lookit-video-infant-control:videoPaused,0 days 00:01:02.764000,0 days 00:01:10.935000,fam,barrier-jump,2
0,ZCEHSD,2022-03-19 20:09:32.121,fam-barrier-jump,2022-03-19 20:10:45.286,2022-03-19 20:11:02.846,exp-lookit-video-infant-control:videoStarted,exp-lookit-video-infant-control:videoPaused,0 days 00:01:13.165000,0 days 00:01:30.725000,fam,barrier-jump,3
0,ZCEHSD,2022-03-19 20:09:32.121,fam-barrier-jump,2022-03-19 20:11:05.070,2022-03-19 20:11:21.983,exp-lookit-video-infant-control:videoStarted,exp-lookit-video-infant-control:videoPaused,0 days 00:01:32.949000,0 days 00:01:49.862000,fam,barrier-jump,4
0,ZCEHSD,2022-03-19 20:09:32.121,fam-barrier-jump,2022-03-19 20:11:24.237,2022-03-19 20:11:48.974,exp-lookit-video-infant-control:videoStarted,exp-lookit-video-infant-control:videoPaused,0 days 00:01:52.116000,0 days 00:02:16.853000,fam,barrier-jump,5
0,ZCEHSD,2022-03-19 20:09:32.121,fam-barrier-jump,2022-03-19 20:11:51.192,2022-03-19 20:12:45.146,exp-lookit-video-infant-control:videoStarted,exp-lookit-video-infant-control:videoPaused,0 days 00:02:19.071000,0 days 00:03:13.025000,fam,barrier-jump,6
0,ZCEHSD,2022-03-19 20:09:32.121,testA-barrier-jump,2022-03-19 20:12:47.855,2022-03-19 20:13:19.378,exp-lookit-video-infant-control:videoStarted,exp-lookit-video-infant-control:videoPaused,0 days 00:03:15.734000,0 days 00:03:47.257000,testA,barrier-jump,7
0,ZCEHSD,2022-03-19 20:09:32.121,testB-barrier-jump,2022-03-19 20:13:22.035,2022-03-19 20:13:34.755,exp-lookit-video-infant-control:videoStarted,exp-lookit-video-infant-control:videoPaused,0 days 00:03:49.914000,0 days 00:04:02.634000,testB,barrier-jump,8
0,ZCEHSD,2022-03-19 20:09:32.121,testA-barrier-jump,2022-03-19 20:13:37.028,2022-03-19 20:14:22.831,exp-lookit-video-infant-control:videoStarted,exp-lookit-video-infant-control:videoPaused,0 days 00:04:04.907000,0 days 00:04:50.710000,testA,barrier-jump,9
0,ZCEHSD,2022-03-19 20:09:32.121,testB-barrier-jump,2022-03-19 20:14:25.100,2022-03-19 20:14:38.837,exp-lookit-video-infant-control:videoStarted,exp-lookit-video-infant-control:videoPaused,0 days 00:04:52.979000,0 days 00:05:06.716000,testB,barrier-jump,10
0,4RRFXQ,2022-03-20 12:15:30.304,fam-barrier-jump,2022-03-20 12:15:35.453,2022-03-20 12:16:35.502,exp-lookit-video-infant-control:videoStarted,exp-lookit-video-infant-control:videoPaused,0 days 00:00:05.149000,0 days 00:01:05.198000,fam,barrier-jump,1
0,4RRFXQ,2022-03-20 12:15:30.304,fam-barrier-jump,2022-03-20 12:16:37.721,2022-03-20 12:17:25.566,exp-lookit-video-infant-control:videoStarted,exp-lookit-video-infant-control:videoPaused,0 days 00:01:07.417000,0 days 00:01:55.262000,fam,barrier-jump,2
0,4RRFXQ,2022-03-20 12:15:30.304,fam-barrier-jump,2022-03-20 12:17:27.815,2022-03-20 12:18:27.860,exp-lookit-video-infant-control:videoStarted,exp-lookit-video-infant-control:videoPaused,0 days 00:01:57.511000,0 days 00:02:57.556000,fam,barrier-jump,3
0,4RRFXQ,2022-03-20 12:15:30.304,fam-barrier-jump,2022-03-20 12:18:30.085,2022-03-20 12:19:05.903,exp-lookit-video-infant-control:videoStarted,exp-lookit-video-infant-control:videoPaused,0 days 00:02:59.781000,0 days 00:03:35.599000,fam,barrier-jump,4
0,4RRFXQ,2022-03-20 12:15:30.304,fam-barrier-jump,2022-03-20 12:19:08.125,2022-03-20 12:19:24.613,exp-lookit-video-infant-control:videoStarted,exp-lookit-video-infant-control:videoPaused,0 days 00:03:37.821000,0 days 00:03:54.309000,fam,barrier-jump,5
0,4RRFXQ,2022-03-20 12:15:30.304,fam-barrier-jump,2022-03-20 12:19:26.821,2022-03-20 12:20:17.289,exp-lookit-video-infant-control:videoStarted,exp-lookit-video-infant-control:videoPaused,0 days 00:03:56.517000,0 days 00:04:46.985000,fam,barrier-jump,6
0,4RRFXQ,2022-03-20 12:15:30.304,testA-barrier-jump,2022-03-20 12:20:21.107,2022-03-20 12:21:17.882,exp-lookit-video-infant-control:videoStarted,exp-lookit-video-infant-control:videoPaused,0 days 00:04:50.803000,0 days 00:05:47.578000,testA,barrier-jump,7
0,4RRFXQ,2022-03-20 12:15:30.304,testB-barrier-jump,2022-03-20 12:21:21.681,2022-03-20 12:21:36.717,exp-lookit-video-infant-control:videoStarted,exp-lookit-video-infant-control:videoPaused,0 days 00:05:51.377000,0 days 00:06:06.413000,testB,barrier-jump,8
0,4RRFXQ,2022-03-20 12:15:30.304,testA-barrier-jump,2022-03-20 12:21:38.947,2022-03-20 12:21:48.358,exp-lookit-video-infant-control:videoStarted,exp-lookit-video-infant-control:videoPaused,0 days 00:06:08.643000,0 days 00:06:18.054000,testA,barrier-jump,9
0,4RRFXQ,2022-03-20 12:15:30.304,testB-barrier-jump,2022-03-20 12:21:50.616,2022-03-20 12:22:01.193,exp-lookit-video-infant-control:videoStarted,exp-lookit-video-infant-control:videoPaused,0 days 00:06:20.312000,0 days 00:06:30.889000,testB,barrier-jump,10
0,52WQ22,2022-03-20 19:38:37.476,fam-barrier-jump,2022-03-20 19:38:44.951,2022-03-20 19:38:47.886,exp-lookit-video-infant-control:videoStarted,exp-lookit-video-infant-control:videoPaused,0 days 00:00:07.475000,0 days 00:00:10.410000,fam,barrier-jump,1
0,52WQ22,2022-03-20 19:38:37.476,fam-barrier-jump-repeat-1,2022-03-20 19:38:57.549,2022-03-20 19:39:58.021,exp-lookit-video-infant-control:videoStarted,exp-lookit-video-infant-control:videoPaused,0 days 00:00:20.073000,0 days 00:01:20.545000,fam,barrier-jump-repeat-1,2
0,52WQ22,2022-03-20 19:38:37.476,fam-barrier-jump,2022-03-20 19:40:01.352,2022-03-20 19:41:01.814,exp-lookit-video-infant-control:videoStarted,exp-lookit-video-infant-control:videoPaused,0 days 00:01:23.876000,0 days 00:02:24.338000,fam,barrier-jump,3
0,52WQ22,2022-03-20 19:38:37.476,fam-barrier-jump,2022-03-20 19:41:05.424,2022-03-20 19:42:06.142,exp-lookit-video-infant-control:videoStarted,exp-lookit-video-infant-control:videoPaused,0 days 00:02:27.948000,0 days 00:03:28.666000,fam,barrier-jump,4
0,52WQ22,2022-03-20 19:38:37.476,fam-barrier-jump,2022-03-20 19:42:09.459,2022-03-20 19:43:10.191,exp-lookit-video-infant-control:videoStarted,exp-lookit-video-infant-control:videoPaused,0 days 00:03:31.983000,0 days 00:04:32.715000,fam,barrier-jump,5
0,52WQ22,2022-03-20 19:38:37.476,fam-barrier-jump,2022-03-20 19:43:13.352,2022-03-20 19:44:13.885,exp-lookit-video-infant-control:videoStarted,exp-lookit-video-infant-control:videoPaused,0 days 00:04:35.876000,0 days 00:05:36.409000,fam,barrier-jump,6
0,52WQ22,2022-03-20 19:38:37.476,fam-barrier-jump,2022-03-20 19:44:18.196,2022-03-20 19:44:43.638,exp-lookit-video-infant-control:videoStarted,exp-lookit-video-infant-control:videoPaused,0 days 00:05:40.720000,0 days 00:06:06.162000,fam,barrier-jump,7
0,52WQ22,2022-03-20 19:38:37.476,testA-barrier-jump,2022-03-20 19:44:52.468,2022-03-20 19:45:52.959,exp-lookit-video-infant-control:videoStarted,exp-lookit-video-infant-control:videoPaused,0 days 00:06:14.992000,0 days 00:07:15.483000,testA,barrier-jump,8
0,52WQ22,2022-03-20 19:38:37.476,testB-barrier-jump,2022-03-20 19:46:01.812,2022-03-20 19:47:02.201,exp-lookit-video-infant-control:videoStarted,exp-lookit-video-infant-control:videoPaused,0 days 00:07:24.336000,0 days 00:08:24.725000,testB,barrier-jump,9
0,52WQ22,2022-03-20 19:38:37.476,testA-barrier-jump,2022-03-20 19:47:07.947,2022-03-20 19:48:08.392,exp-lookit-video-infant-control:videoStarted,exp-lookit-video-infant-control:videoPaused,0 days 00:08:30.471000,0 days 00:09:30.916000,testA,barrier-jump,10
0,52WQ22,2022-03-20 19:38:37.476,testB-barrier-jump,2022-03-20 19:48:12.571,2022-03-20 19:49:12.988,exp-lookit-video-infant-control:videoStarted,exp-lookit-video-infant-control:videoPaused,0 days 00:09:35.095000,0 days 00:10:35.512000,testB,barrier-jump,11
0,DETK4R,2022-03-20 21:22:05.501,fam-barrier-jump,2022-03-20 21:22:08.924,2022-03-20 21:23:08.967,exp-lookit-video-infant-control:videoStarted,exp-lookit-video-infant-control:videoPaused,0 days 00:00:03.423000,0 days 00:01:03.466000,fam,barrier-jump,1
0,DETK4R,2022-03-20 21:22:05.501,fam-barrier-jump,2022-03-20 21:23:11.174,2022-03-20 21:24:11.228,exp-lookit-video-infant-control:videoStarted,exp-lookit-video-infant-control:videoPaused,0 days 00:01:05.673000,0 days 00:02:05.727000,fam,barrier-jump,2
0,DETK4R,2022-03-20 21:22:05.501,fam-barrier-jump,2022-03-20 21:24:13.764,2022-03-20 21:25:13.808,exp-lookit-video-infant-control:videoStarted,exp-lookit-video-infant-control:videoPaused,0 days 00:02:08.263000,0 days 00:03:08.307000,fam,barrier-jump,3
0,DETK4R,2022-03-20 21:22:05.501,fam-barrier-jump,2022-03-20 21:25:16.014,2022-03-20 21:25:42.356,exp-lookit-video-infant-control:videoStarted,exp-lookit-video-infant-control:videoPaused,0 days 00:03:10.513000,0 days 00:03:36.855000,fam,barrier-jump,4
0,DETK4R,2022-03-20 21:22:05.501,fam-barrier-jump,2022-03-20 21:25:44.582,2022-03-20 21:26:04.316,exp-lookit-video-infant-control:videoStarted,exp-lookit-video-infant-control:videoPaused,0 days 00:03:39.081000,0 days 00:03:58.815000,fam,barrier-jump,5
0,DETK4R,2022-03-20 21:22:05.501,fam-barrier-jump,2022-03-20 21:26:06.895,2022-03-20 21:26:31.801,exp-lookit-video-infant-control:videoStarted,exp-lookit-video-infant-control:videoPaused,0 days 00:04:01.394000,0 days 00:04:26.300000,fam,barrier-jump,6
0,DETK4R,2022-03-20 21:22:05.501,testA-barrier-jump,2022-03-20 21:26:34.808,2022-03-20 21:27:31.910,exp-lookit-video-infant-control:videoStarted,exp-lookit-video-infant-control:videoPaused,0 days 00:04:29.307000,0 days 00:05:26.409000,testA,barrier-jump,7
0,DETK4R,2022-03-20 21:22:05.501,testB-barrier-jump,2022-03-20 21:27:35.035,2022-03-20 21:27:44.319,exp-lookit-video-infant-control:videoStarted,exp-lookit-video-infant-control:videoPaused,0 days 00:05:29.534000,0 days 00:05:38.818000,testB,barrier-jump,8
0,DETK4R,2022-03-20 21:22:05.501,testA-barrier-jump,2022-03-20 21:27:46.560,2022-03-20 21:28:01.520,exp-lookit-video-infant-control:videoStarted,exp-lookit-video-infant-control:videoPaused,0 days 00:05:41.059000,0 days 00:05:56.019000,testA,barrier-jump,9
0,DETK4R,2022-03-20 21:22:05.501,testB-barrier-jump,2022-03-20 21:28:04.021,2022-03-20 21:28:12.145,exp-lookit-video-infant-control:videoStarted,exp-lookit-video-infant-control:videoPaused,0 days 00:05:58.520000,0 days 00:06:06.644000,testB,barrier-jump,10
0,S4CKW4,2022-03-21 22:44:53.773,fam-barrier-jump,2022-03-21 22:44:56.559,2022-03-21 22:45:56.621,exp-lookit-video-infant-control:videoStarted,exp-lookit-video-infant-control:videoPaused,0 days 00:00:02.786000,0 days 00:01:02.848000,fam,barrier-jump,1
0,S4CKW4,2022-03-21 22:44:53.773,fam-barrier-jump,2022-03-21 22:45:58.834,2022-03-21 22:46:58.878,exp-lookit-video-infant-control:videoStarted,exp-lookit-video-infant-control:videoPaused,0 days 00:01:05.061000,0 days 00:02:05.105000,fam,barrier-jump,2
0,S4CKW4,2022-03-21 22:44:53.773,fam-barrier-jump,2022-03-21 22:47:01.072,2022-03-21 22:48:01.147,exp-lookit-video-infant-control:videoStarted,exp-lookit-video-infant-control:videoPaused,0 days 00:02:07.299000,0 days 00:03:07.374000,fam,barrier-jump,3
0,S4CKW4,2022-03-21 22:44:53.773,fam-barrier-jump,2022-03-21 22:48:03.329,2022-03-21 22:49:03.380,exp-lookit-video-infant-control:videoStarted,exp-lookit-video-infant-control:videoPaused,0 days 00:03:09.556000,0 days 00:04:09.607000,fam,barrier-jump,4
0,S4CKW4,2022-03-21 22:44:53.773,fam-barrier-jump,2022-03-21 22:49:05.566,2022-03-21 22:49:55.295,exp-lookit-video-infant-control:videoStarted,exp-lookit-video-infant-control:videoPaused,0 days 00:04:11.793000,0 days 00:05:01.522000,fam,barrier-jump,5
0,S4CKW4,2022-03-21 22:44:53.773,fam-barrier-jump-repeat-1,2022-03-21 22:49:59.296,2022-03-21 22:50:19.002,exp-lookit-video-infant-control:videoStarted,exp-lookit-video-infant-control:videoPaused,0 days 00:05:05.523000,0 days 00:05:25.229000,fam,barrier-jump-repeat-1,6
0,S4CKW4,2022-03-21 22:44:53.773,fam-barrier-jump,2022-03-21 22:50:21.296,2022-03-21 22:50:43.284,exp-lookit-video-infant-control:videoStarted,exp-lookit-video-infant-control:videoPaused,0 days 00:05:27.523000,0 days 00:05:49.511000,fam,barrier-jump,7
0,S4CKW4,2022-03-21 22:44:53.773,testB-barrier-jump,2022-03-21 22:50:45.835,2022-03-21 22:51:45.807,exp-lookit-video-infant-control:videoStarted,exp-lookit-video-infant-control:videoPaused,0 days 00:05:52.062000,0 days 00:06:52.034000,testB,barrier-jump,8
0,S4CKW4,2022-03-21 22:44:53.773,testA-barrier-jump,2022-03-21 22:51:48.415,2022-03-21 22:52:48.470,exp-lookit-video-infant-control:videoStarted,exp-lookit-video-infant-control:videoPaused,0 days 00:06:54.642000,0 days 00:07:54.697000,testA,barrier-jump,9
0,S4CKW4,2022-03-21 22:44:53.773,testB-barrier-jump,2022-03-21 22:52:50.695,2022-03-21 22:53:10.742,exp-lookit-video-infant-control:videoStarted,exp-lookit-video-infant-control:videoPaused,0 days 00:07:56.922000,0 days 00:08:16.969000,testB,barrier-jump,10
0,S4CKW4,2022-03-21 22:44:53.773,testA-barrier-jump,2022-03-21 22:53:12.952,2022-03-21 22:53:39.717,exp-lookit-video-infant-control:videoStarted,exp-lookit-video-infant-control:videoPaused,0 days 00:08:19.179000,0 days 00:08:45.944000,testA,barrier-jump,11
0,ASKHGL,2022-03-22 02:12:47.571,fam-barrier-jump,2022-03-22 02:12:50.431,2022-03-22 02:13:50.475,exp-lookit-video-infant-control:videoStarted,exp-lookit-video-infant-control:videoPaused,0 days 00:00:02.860000,0 days 00:01:02.904000,fam,barrier-jump,1
0,ASKHGL,2022-03-22 02:12:47.571,fam-barrier-jump,2022-03-22 02:13:52.804,2022-03-22 02:14:52.859,exp-lookit-video-infant-control:videoStarted,exp-lookit-video-infant-control:videoPaused,0 days 00:01:05.233000,0 days 00:02:05.288000,fam,barrier-jump,2
0,ASKHGL,2022-03-22 02:12:47.571,fam-barrier-jump,2022-03-22 02:14:55.178,2022-03-22 02:15:55.221,exp-lookit-video-infant-control:videoStarted,exp-lookit-video-infant-control:videoPaused,0 days 00:02:07.607000,0 days 00:03:07.650000,fam,barrier-jump,3
0,ASKHGL,2022-03-22 02:12:47.571,fam-barrier-jump,2022-03-22 02:15:57.528,2022-03-22 02:16:57.578,exp-lookit-video-infant-control:videoStarted,exp-lookit-video-infant-control:videoPaused,0 days 00:03:09.957000,0 days 00:04:10.007000,fam,barrier-jump,4
0,ASKHGL,2022-03-22 02:12:47.571,fam-barrier-jump,2022-03-22 02:16:59.880,2022-03-22 02:17:59.927,exp-lookit-video-infant-control:videoStarted,exp-lookit-video-infant-control:videoPaused,0 days 00:04:12.309000,0 days 00:05:12.356000,fam,barrier-jump,5
0,ASKHGL,2022-03-22 02:12:47.571,fam-barrier-jump,2022-03-22 02:18:02.509,2022-03-22 02:19:02.552,exp-lookit-video-infant-control:videoStarted,exp-lookit-video-infant-control:videoPaused,0 days 00:05:14.938000,0 days 00:06:14.981000,fam,barrier-jump,6
0,ASKHGL,2022-03-22 02:12:47.571,testB-barrier-jump,2022-03-22 02:19:05.194,2022-03-22 02:19:19.952,exp-lookit-video-infant-control:videoStarted,exp-lookit-video-infant-control:videoPaused,0 days 00:06:17.623000,0 days 00:06:32.381000,testB,barrier-jump,7
0,ASKHGL,2022-03-22 02:12:47.571,testA-barrier-jump,2022-03-22 02:19:22.704,2022-03-22 02:19:33.756,exp-lookit-video-infant-control:videoStarted,exp-lookit-video-infant-control:videoPaused,0 days 00:06:35.133000,0 days 00:06:46.185000,testA,barrier-jump,8
0,ASKHGL,2022-03-22 02:12:47.571,testB-barrier-jump,2022-03-22 02:19:36.097,2022-03-22 02:20:31.575,exp-lookit-video-infant-control:videoStarted,exp-lookit-video-infant-control:videoPaused,0 days 00:06:48.526000,0 days 00:07:44.004000,testB,barrier-jump,9
0,ASKHGL,2022-03-22 02:12:47.571,testA-barrier-jump,2022-03-22 02:20:33.997,2022-03-22 02:20:46.756,exp-lookit-video-infant-control:videoStarted,exp-lookit-video-infant-control:videoPaused,0 days 00:07:46.426000,0 days 00:07:59.185000,testA,barrier-jump,10
0,JA6CUc,2022-03-23 21:45:20.285,fam-barrier-jump,2022-03-23 21:45:23.783,2022-03-23 21:45:33.414,exp-lookit-video-infant-control:videoStarted,exp-lookit-video-infant-control:videoPaused,0 days 00:00:03.498000,0 days 00:00:13.129000,fam,barrier-jump,1
0,JA6CUc,2022-03-23 21:45:20.285,fam-barrier-jump,2022-03-23 21:45:35.588,2022-03-23 21:45:43.698,exp-lookit-video-infant-control:videoStarted,exp-lookit-video-infant-control:videoPaused,0 days 00:00:15.303000,0 days 00:00:23.413000,fam,barrier-jump,2
0,JA6CUc,2022-03-23 21:45:20.285,fam-barrier-jump,2022-03-23 21:46:37.177,2022-03-23 21:46:58.620,exp-lookit-video-infant-control:videoStarted,exp-lookit-video-infant-control:videoPaused,0 days 00:01:16.892000,0 days 00:01:38.335000,fam,barrier-jump,3
0,JA6CUc,2022-03-23 21:45:20.285,fam-barrier-jump,2022-03-23 21:47:00.821,2022-03-23 21:47:06.270,exp-lookit-video-infant-control:videoStarted,exp-lookit-video-infant-control:videoPaused,0 days 00:01:40.536000,0 days 00:01:45.985000,fam,barrier-jump,4
0,JA6CUc,2022-03-23 21:45:20.285,fam-barrier-jump,2022-03-23 21:47:08.465,2022-03-23 21:47:15.233,exp-lookit-video-infant-control:videoStarted,exp-lookit-video-infant-control:videoPaused,0 days 00:01:48.180000,0 days 00:01:54.948000,fam,barrier-jump,5
0,JA6CUc,2022-03-23 21:45:20.285,fam-barrier-jump,2022-03-23 21:47:55.286,2022-03-23 21:48:08.826,exp-lookit-video-infant-control:videoStarted,exp-lookit-video-infant-control:videoPaused,0 days 00:02:35.001000,0 days 00:02:48.541000,fam,barrier-jump,6
0,JA6CUc,2022-03-23 21:45:20.285,testB-barrier-jump,2022-03-23 21:48:11.927,2022-03-23 21:48:20.844,exp-lookit-video-infant-control:videoStarted,exp-lookit-video-infant-control:videoPaused,0 days 00:02:51.642000,0 days 00:03:00.559000,testB,barrier-jump,7
0,JA6CUc,2022-03-23 21:45:20.285,testA-barrier-jump,2022-03-23 21:48:23.854,2022-03-23 21:48:29.525,exp-lookit-video-infant-control:videoStarted,exp-lookit-video-infant-control:videoPaused,0 days 00:03:03.569000,0 days 00:03:09.240000,testA,barrier-jump,8
0,JA6CUc,2022-03-23 21:45:20.285,testB-barrier-jump,2022-03-23 21:48:31.782,2022-03-23 21:48:36.974,exp-lookit-video-infant-control:videoStarted,exp-lookit-video-infant-control:videoPaused,0 days 00:03:11.497000,0 days 00:03:16.689000,testB,barrier-jump,9
0,JA6CUc,2022-03-23 21:45:20.285,testA-barrier-jump,2022-03-23 21:48:39.171,2022-03-23 21:48:48.448,exp-lookit-video-infant-control:videoStarted,exp-lookit-video-infant-control:videoPaused,0 days 00:03:18.886000,0 days 00:03:28.163000,testA,barrier-jump,10
0,AX3QQJ,2022-03-27 17:55:00.061,fam-barrier-jump,2022-03-27 17:55:05.791,2022-03-27 17:55:38.119,exp-lookit-video-infant-control:videoStarted,exp-lookit-video-infant-control:videoPaused,0 days 00:00:05.730000,0 days 00:00:38.058000,fam,barrier-jump,1
0,AX3QQJ,2022-03-27 17:55:00.061,fam-barrier-jump,2022-03-27 17:55:40.509,2022-03-27 17:56:06.974,exp-lookit-video-infant-control:videoStarted,exp-lookit-video-infant-control:videoPaused,0 days 00:00:40.448000,0 days 00:01:06.913000,fam,barrier-jump,2
0,AX3QQJ,2022-03-27 17:55:00.061,fam-barrier-jump,2022-03-27 17:56:09.550,2022-03-27 17:56:18.492,exp-lookit-video-infant-control:videoStarted,exp-lookit-video-infant-control:videoPaused,0 days 00:01:09.489000,0 days 00:01:18.431000,fam,barrier-jump,3
0,AX3QQJ,2022-03-27 17:55:00.061,fam-barrier-jump,2022-03-27 17:56:20.772,2022-03-27 17:56:33.142,exp-lookit-video-infant-control:videoStarted,exp-lookit-video-infant-control:videoPaused,0 days 00:01:20.711000,0 days 00:01:33.081000,fam,barrier-jump,4
0,AX3QQJ,2022-03-27 17:55:00.061,fam-barrier-jump,2022-03-27 17:56:35.366,2022-03-27 17:56:44.415,exp-lookit-video-infant-control:videoStarted,exp-lookit-video-infant-control:videoPaused,0 days 00:01:35.305000,0 days 00:01:44.354000,fam,barrier-jump,5
0,AX3QQJ,2022-03-27 17:55:00.061,fam-barrier-jump,2022-03-27 17:56:46.871,2022-03-27 17:57:14.442,exp-lookit-video-infant-control:videoStarted,exp-lookit-video-infant-control:videoPaused,0 days 00:01:46.810000,0 days 00:02:14.381000,fam,barrier-jump,6
0,AX3QQJ,2022-03-27 17:55:00.061,testB-barrier-jump,2022-03-27 17:57:18.283,2022-03-27 17:57:32.894,exp-lookit-video-infant-control:videoStarted,exp-lookit-video-infant-control:videoPaused,0 days 00:02:18.222000,0 days 00:02:32.833000,testB,barrier-jump,7
0,AX3QQJ,2022-03-27 17:55:00.061,testA-barrier-jump,2022-03-27 17:57:36.203,2022-03-27 17:57:53.237,exp-lookit-video-infant-control:videoStarted,exp-lookit-video-infant-control:videoPaused,0 days 00:02:36.142000,0 days 00:02:53.176000,testA,barrier-jump,8
0,AX3QQJ,2022-03-27 17:55:00.061,testB-barrier-jump,2022-03-27 17:57:55.686,2022-03-27 17:58:08.962,exp-lookit-video-infant-control:videoStarted,exp-lookit-video-infant-control:videoPaused,0 days 00:02:55.625000,0 days 00:03:08.901000,testB,barrier-jump,9
0,AX3QQJ,2022-03-27 17:55:00.061,testA-barrier-jump,2022-03-27 17:58:11.560,2022-03-27 17:58:21.844,exp-lookit-video-infant-control:videoStarted,exp-lookit-video-infant-control:videoPaused,0 days 00:03:11.499000,0 days 00:03:21.783000,testA,barrier-jump,10
0,YFJCR6,2022-03-28 01:12:40.854,fam-barrier-jump,2022-03-28 01:12:43.690,2022-03-28 01:13:43.734,exp-lookit-video-infant-control:videoStarted,exp-lookit-video-infant-control:videoPaused,0 days 00:00:02.836000,0 days 00:01:02.880000,fam,barrier-jump,1
0,YFJCR6,2022-03-28 01:12:40.854,fam-barrier-jump,2022-03-28 01:13:45.942,2022-03-28 01:14:45.975,exp-lookit-video-infant-control:videoStarted,exp-lookit-video-infant-control:videoPaused,0 days 00:01:05.088000,0 days 00:02:05.121000,fam,barrier-jump,2
0,YFJCR6,2022-03-28 01:12:40.854,fam-barrier-jump,2022-03-28 01:14:48.169,2022-03-28 01:15:48.213,exp-lookit-video-infant-control:videoStarted,exp-lookit-video-infant-control:videoPaused,0 days 00:02:07.315000,0 days 00:03:07.359000,fam,barrier-jump,3
0,YFJCR6,2022-03-28 01:12:40.854,fam-barrier-jump,2022-03-28 01:15:50.392,2022-03-28 01:16:41.731,exp-lookit-video-infant-control:videoStarted,exp-lookit-video-infant-control:videoPaused,0 days 00:03:09.538000,0 days 00:04:00.877000,fam,barrier-jump,4
0,YFJCR6,2022-03-28 01:12:40.854,fam-barrier-jump,2022-03-28 01:16:43.955,2022-03-28 01:17:38.524,exp-lookit-video-infant-control:videoStarted,exp-lookit-video-infant-control:videoPaused,0 days 00:04:03.101000,0 days 00:04:57.670000,fam,barrier-jump,5
0,YFJCR6,2022-03-28 01:12:40.854,fam-barrier-jump,2022-03-28 01:17:40.715,2022-03-28 01:18:23.965,exp-lookit-video-infant-control:videoStarted,exp-lookit-video-infant-control:videoPaused,0 days 00:04:59.861000,0 days 00:05:43.111000,fam,barrier-jump,6
0,YFJCR6,2022-03-28 01:12:40.854,fam-barrier-jump-repeat-1,2022-03-28 01:18:35.665,2022-03-28 01:19:08.713,exp-lookit-video-infant-control:videoStarted,exp-lookit-video-infant-control:videoPaused,0 days 00:05:54.811000,0 days 00:06:27.859000,fam,barrier-jump-repeat-1,7
0,YFJCR6,2022-03-28 01:12:40.854,testB-barrier-jump,2022-03-28 01:19:11.500,2022-03-28 01:20:11.533,exp-lookit-video-infant-control:videoStarted,exp-lookit-video-infant-control:videoPaused,0 days 00:06:30.646000,0 days 00:07:30.679000,testB,barrier-jump,8
0,YFJCR6,2022-03-28 01:12:40.854,testA-barrier-jump,2022-03-28 01:20:14.224,2022-03-28 01:20:35.588,exp-lookit-video-infant-control:videoStarted,exp-lookit-video-infant-control:videoPaused,0 days 00:07:33.370000,0 days 00:07:54.734000,testA,barrier-jump,9
0,YFJCR6,2022-03-28 01:12:40.854,testB-barrier-jump,2022-03-28 01:20:37.778,2022-03-28 01:21:17.080,exp-lookit-video-infant-control:videoStarted,exp-lookit-video-infant-control:videoPaused,0 days 00:07:56.924000,0 days 00:08:36.226000,testB,barrier-jump,10
0,YFJCR6,2022-03-28 01:12:40.854,testA-barrier-jump,2022-03-28 01:21:19.320,2022-03-28 01:21:43.536,exp-lookit-video-infant-control:videoStarted,exp-lookit-video-infant-control:videoPaused,0 days 00:08:38.466000,0 days 00:09:02.682000,testA,barrier-jump,11
0,VRJRYC,2022-03-29 15:30:05.998,fam-barrier-jump,2022-03-29 15:30:09.001,2022-03-29 15:30:34.742,exp-lookit-video-infant-control:videoStarted,exp-lookit-video-infant-control:videoPaused,0 days 00:00:03.003000,0 days 00:00:28.744000,fam,barrier-jump,1
0,VRJRYC,2022-03-29 15:30:05.998,fam-barrier-jump,2022-03-29 15:30:36.921,2022-03-29 15:31:22.348,exp-lookit-video-infant-control:videoStarted,exp-lookit-video-infant-control:videoPaused,0 days 00:00:30.923000,0 days 00:01:16.350000,fam,barrier-jump,2
0,VRJRYC,2022-03-29 15:30:05.998,fam-barrier-jump,2022-03-29 15:31:24.635,2022-03-29 15:31:48.801,exp-lookit-video-infant-control:videoStarted,exp-lookit-video-infant-control:videoPaused,0 days 00:01:18.637000,0 days 00:01:42.803000,fam,barrier-jump,3
0,VRJRYC,2022-03-29 15:30:05.998,fam-barrier-jump,2022-03-29 15:31:50.968,2022-03-29 15:32:05.183,exp-lookit-video-infant-control:videoStarted,exp-lookit-video-infant-control:videoPaused,0 days 00:01:44.970000,0 days 00:01:59.185000,fam,barrier-jump,4
0,VRJRYC,2022-03-29 15:30:05.998,fam-barrier-jump,2022-03-29 15:32:07.359,2022-03-29 15:32:37.264,exp-lookit-video-infant-control:videoStarted,exp-lookit-video-infant-control:videoPaused,0 days 00:02:01.361000,0 days 00:02:31.266000,fam,barrier-jump,5
0,VRJRYC,2022-03-29 15:30:05.998,fam-barrier-jump,2022-03-29 15:32:39.425,2022-03-29 15:33:08.035,exp-lookit-video-infant-control:videoStarted,exp-lookit-video-infant-control:videoPaused,0 days 00:02:33.427000,0 days 00:03:02.037000,fam,barrier-jump,6
0,VRJRYC,2022-03-29 15:30:05.998,testB-barrier-jump,2022-03-29 15:33:10.649,2022-03-29 15:33:36.128,exp-lookit-video-infant-control:videoStarted,exp-lookit-video-infant-control:videoPaused,0 days 00:03:04.651000,0 days 00:03:30.130000,testB,barrier-jump,7
0,VRJRYC,2022-03-29 15:30:05.998,testA-barrier-jump,2022-03-29 15:33:38.839,2022-03-29 15:34:06.848,exp-lookit-video-infant-control:videoStarted,exp-lookit-video-infant-control:videoPaused,0 days 00:03:32.841000,0 days 00:04:00.850000,testA,barrier-jump,8
0,VRJRYC,2022-03-29 15:30:05.998,testB-barrier-jump,2022-03-29 15:34:09.057,2022-03-29 15:34:19.155,exp-lookit-video-infant-control:videoStarted,exp-lookit-video-infant-control:videoPaused,0 days 00:04:03.059000,0 days 00:04:13.157000,testB,barrier-jump,9
0,VRJRYC,2022-03-29 15:30:05.998,testA-barrier-jump,2022-03-29 15:34:21.333,2022-03-29 15:34:52.629,exp-lookit-video-infant-control:videoStarted,exp-lookit-video-infant-control:videoPaused,0 days 00:04:15.335000,0 days 00:04:46.631000,testA,barrier-jump,10
0,P37YTZ,2022-03-30 21:16:08.066,fam-barrier-jump,2022-03-30 21:16:11.298,2022-03-30 21:17:11.375,exp-lookit-video-infant-control:videoStarted,exp-lookit-video-infant-control:videoPaused,0 days 00:00:03.232000,0 days 00:01:03.309000,fam,barrier-jump,1
0,P37YTZ,2022-03-30 21:16:08.066,fam-barrier-jump,2022-03-30 21:17:13.698,2022-03-30 21:18:13.761,exp-lookit-video-infant-control:videoStarted,exp-lookit-video-infant-control:videoPaused,0 days 00:01:05.632000,0 days 00:02:05.695000,fam,barrier-jump,2
0,P37YTZ,2022-03-30 21:16:08.066,fam-barrier-jump,2022-03-30 21:18:16.070,2022-03-30 21:19:16.129,exp-lookit-video-infant-control:videoStarted,exp-lookit-video-infant-control:videoPaused,0 days 00:02:08.004000,0 days 00:03:08.063000,fam,barrier-jump,3
0,P37YTZ,2022-03-30 21:16:08.066,fam-barrier-jump,2022-03-30 21:19:18.381,2022-03-30 21:20:18.434,exp-lookit-video-infant-control:videoStarted,exp-lookit-video-infant-control:videoPaused,0 days 00:03:10.315000,0 days 00:04:10.368000,fam,barrier-jump,4
0,P37YTZ,2022-03-30 21:16:08.066,fam-barrier-jump,2022-03-30 21:20:20.671,2022-03-30 21:21:20.739,exp-lookit-video-infant-control:videoStarted,exp-lookit-video-infant-control:videoPaused,0 days 00:04:12.605000,0 days 00:05:12.673000,fam,barrier-jump,5
0,P37YTZ,2022-03-30 21:16:08.066,fam-barrier-jump,2022-03-30 21:21:23.177,2022-03-30 21:22:23.224,exp-lookit-video-infant-control:videoStarted,exp-lookit-video-infant-control:videoPaused,0 days 00:05:15.111000,0 days 00:06:15.158000,fam,barrier-jump,6
0,P37YTZ,2022-03-30 21:16:08.066,testB-barrier-jump,2022-03-30 21:22:26.049,2022-03-30 21:23:26.096,exp-lookit-video-infant-control:videoStarted,exp-lookit-video-infant-control:videoPaused,0 days 00:06:17.983000,0 days 00:07:18.030000,testB,barrier-jump,7
0,P37YTZ,2022-03-30 21:16:08.066,testA-barrier-jump,2022-03-30 21:23:28.864,2022-03-30 21:24:28.935,exp-lookit-video-infant-control:videoStarted,exp-lookit-video-infant-control:videoPaused,0 days 00:07:20.798000,0 days 00:08:20.869000,testA,barrier-jump,8
0,P37YTZ,2022-03-30 21:16:08.066,testB-barrier-jump,2022-03-30 21:24:31.238,2022-03-30 21:24:45.518,exp-lookit-video-infant-control:videoStarted,exp-lookit-video-infant-control:videoPaused,0 days 00:08:23.172000,0 days 00:08:37.452000,testB,barrier-jump,9
0,P37YTZ,2022-03-30 21:16:08.066,testA-barrier-jump,2022-03-30 21:24:47.744,2022-03-30 21:25:47.808,exp-lookit-video-infant-control:videoStarted,exp-lookit-video-infant-control:videoPaused,0 days 00:08:39.678000,0 days 00:09:39.742000,testA,barrier-jump,10
0,CT4NZE,2022-04-08 12:04:51.624,fam-barrier-jump,2022-04-08 12:04:54.541,2022-04-08 12:05:54.570,exp-lookit-video-infant-control:videoStarted,exp-lookit-video-infant-control:videoPaused,0 days 00:00:02.917000,0 days 00:01:02.946000,fam,barrier-jump,1
0,CT4NZE,2022-04-08 12:04:51.624,fam-barrier-jump,2022-04-08 12:05:56.736,2022-04-08 12:06:56.772,exp-lookit-video-infant-control:videoStarted,exp-lookit-video-infant-control:videoPaused,0 days 00:01:05.112000,0 days 00:02:05.148000,fam,barrier-jump,2
0,CT4NZE,2022-04-08 12:04:51.624,fam-barrier-jump,2022-04-08 12:06:58.916,2022-04-08 12:07:58.965,exp-lookit-video-infant-control:videoStarted,exp-lookit-video-infant-control:videoPaused,0 days 00:02:07.292000,0 days 00:03:07.341000,fam,barrier-jump,3
0,CT4NZE,2022-04-08 12:04:51.624,fam-barrier-jump,2022-04-08 12:08:01.141,2022-04-08 12:09:01.172,exp-lookit-video-infant-control:videoStarted,exp-lookit-video-infant-control:videoPaused,0 days 00:03:09.517000,0 days 00:04:09.548000,fam,barrier-jump,4
0,CT4NZE,2022-04-08 12:04:51.624,fam-barrier-jump,2022-04-08 12:09:03.330,2022-04-08 12:09:17.073,exp-lookit-video-infant-control:videoStarted,exp-lookit-video-infant-control:videoPaused,0 days 00:04:11.706000,0 days 00:04:25.449000,fam,barrier-jump,5
0,CT4NZE,2022-04-08 12:04:51.624,fam-barrier-jump,2022-04-08 12:09:19.222,2022-04-08 12:09:49.834,exp-lookit-video-infant-control:videoStarted,exp-lookit-video-infant-control:videoPaused,0 days 00:04:27.598000,0 days 00:04:58.210000,fam,barrier-jump,6
0,CT4NZE,2022-04-08 12:04:51.624,testB-barrier-jump,2022-04-08 12:09:52.369,2022-04-08 12:10:06.725,exp-lookit-video-infant-control:videoStarted,exp-lookit-video-infant-control:videoPaused,0 days 00:05:00.745000,0 days 00:05:15.101000,testB,barrier-jump,7
0,CT4NZE,2022-04-08 12:04:51.624,testA-barrier-jump,2022-04-08 12:10:09.346,2022-04-08 12:10:58.898,exp-lookit-video-infant-control:videoStarted,exp-lookit-video-infant-control:videoPaused,0 days 00:05:17.722000,0 days 00:06:07.274000,testA,barrier-jump,8
0,CT4NZE,2022-04-08 12:04:51.624,testB-barrier-jump,2022-04-08 12:11:01.176,2022-04-08 12:11:56.193,exp-lookit-video-infant-control:videoStarted,exp-lookit-video-infant-control:videoPaused,0 days 00:06:09.552000,0 days 00:07:04.569000,testB,barrier-jump,9
0,K524MN,2022-04-09 16:52:19.263,fam-barrier-jump,2022-04-09 16:52:22.296,2022-04-09 16:53:22.456,exp-lookit-video-infant-control:videoStarted,exp-lookit-video-infant-control:videoPaused,0 days 00:00:03.033000,0 days 00:01:03.193000,fam,barrier-jump,1
0,K524MN,2022-04-09 16:52:19.263,fam-barrier-jump,2022-04-09 16:53:24.794,2022-04-09 16:54:24.869,exp-lookit-video-infant-control:videoStarted,exp-lookit-video-infant-control:videoPaused,0 days 00:01:05.531000,0 days 00:02:05.606000,fam,barrier-jump,2
0,K524MN,2022-04-09 16:52:19.263,fam-barrier-jump,2022-04-09 16:54:27.292,2022-04-09 16:55:27.420,exp-lookit-video-infant-control:videoStarted,exp-lookit-video-infant-control:videoPaused,0 days 00:02:08.029000,0 days 00:03:08.157000,fam,barrier-jump,3
0,K524MN,2022-04-09 16:52:19.263,fam-barrier-jump,2022-04-09 16:55:29.733,2022-04-09 16:56:29.839,exp-lookit-video-infant-control:videoStarted,exp-lookit-video-infant-control:videoPaused,0 days 00:03:10.470000,0 days 00:04:10.576000,fam,barrier-jump,4
0,K524MN,2022-04-09 16:52:19.263,fam-barrier-jump,2022-04-09 16:56:32.236,2022-04-09 16:57:32.375,exp-lookit-video-infant-control:videoStarted,exp-lookit-video-infant-control:videoPaused,0 days 00:04:12.973000,0 days 00:05:13.112000,fam,barrier-jump,5
0,K524MN,2022-04-09 16:52:19.263,fam-barrier-jump,2022-04-09 16:57:34.945,2022-04-09 16:58:35.026,exp-lookit-video-infant-control:videoStarted,exp-lookit-video-infant-control:videoPaused,0 days 00:05:15.682000,0 days 00:06:15.763000,fam,barrier-jump,6
0,K524MN,2022-04-09 16:52:19.263,testB-barrier-jump,2022-04-09 16:58:37.727,2022-04-09 16:59:37.859,exp-lookit-video-infant-control:videoStarted,exp-lookit-video-infant-control:videoPaused,0 days 00:06:18.464000,0 days 00:07:18.596000,testB,barrier-jump,7
0,K524MN,2022-04-09 16:52:19.263,testA-barrier-jump,2022-04-09 16:59:40.520,2022-04-09 17:00:40.629,exp-lookit-video-infant-control:videoStarted,exp-lookit-video-infant-control:videoPaused,0 days 00:07:21.257000,0 days 00:08:21.366000,testA,barrier-jump,8
0,K524MN,2022-04-09 16:52:19.263,testB-barrier-jump,2022-04-09 17:00:43.046,2022-04-09 17:01:43.156,exp-lookit-video-infant-control:videoStarted,exp-lookit-video-infant-control:videoPaused,0 days 00:08:23.783000,0 days 00:09:23.893000,testB,barrier-jump,9
0,K524MN,2022-04-09 16:52:19.263,testA-barrier-jump,2022-04-09 17:01:45.486,2022-04-09 17:02:45.537,exp-lookit-video-infant-control:videoStarted,exp-lookit-video-infant-control:videoPaused,0 days 00:09:26.223000,0 days 00:10:26.274000,testA,barrier-jump,10
0,dKUKK6,2022-04-15 16:48:34.826,fam-barrier-jump,2022-04-15 16:48:38.177,2022-04-15 16:49:02.727,exp-lookit-video-infant-control:videoStarted,exp-lookit-video-infant-control:videoPaused,0 days 00:00:03.351000,0 days 00:00:27.901000,fam,barrier-jump,1
0,dKUKK6,2022-04-15 16:48:34.826,fam-barrier-jump,2022-04-15 16:49:04.990,2022-04-15 16:50:05.034,exp-lookit-video-infant-control:videoStarted,exp-lookit-video-infant-control:videoPaused,0 days 00:00:30.164000,0 days 00:01:30.208000,fam,barrier-jump,2
0,dKUKK6,2022-04-15 16:48:34.826,fam-barrier-jump,2022-04-15 16:50:07.323,2022-04-15 16:51:02.335,exp-lookit-video-infant-control:videoStarted,exp-lookit-video-infant-control:videoPaused,0 days 00:01:32.497000,0 days 00:02:27.509000,fam,barrier-jump,3
0,dKUKK6,2022-04-15 16:48:34.826,fam-barrier-jump,2022-04-15 16:51:04.597,2022-04-15 16:51:32.025,exp-lookit-video-infant-control:videoStarted,exp-lookit-video-infant-control:videoPaused,0 days 00:02:29.771000,0 days 00:02:57.199000,fam,barrier-jump,4
0,dKUKK6,2022-04-15 16:48:34.826,fam-barrier-jump,2022-04-15 16:51:34.239,2022-04-15 16:51:48.383,exp-lookit-video-infant-control:videoStarted,exp-lookit-video-infant-control:videoPaused,0 days 00:02:59.413000,0 days 00:03:13.557000,fam,barrier-jump,5
0,dKUKK6,2022-04-15 16:48:34.826,fam-barrier-jump,2022-04-15 16:51:50.577,2022-04-15 16:52:03.699,exp-lookit-video-infant-control:videoStarted,exp-lookit-video-infant-control:videoPaused,0 days 00:03:15.751000,0 days 00:03:28.873000,fam,barrier-jump,6
0,dKUKK6,2022-04-15 16:48:34.826,testB-barrier-jump,2022-04-15 16:52:06.687,2022-04-15 16:52:19.752,exp-lookit-video-infant-control:videoStarted,exp-lookit-video-infant-control:videoPaused,0 days 00:03:31.861000,0 days 00:03:44.926000,testB,barrier-jump,7
0,dKUKK6,2022-04-15 16:48:34.826,testA-barrier-jump,2022-04-15 16:52:22.440,2022-04-15 16:52:37.248,exp-lookit-video-infant-control:videoStarted,exp-lookit-video-infant-control:videoPaused,0 days 00:03:47.614000,0 days 00:04:02.422000,testA,barrier-jump,8
0,dKUKK6,2022-04-15 16:48:34.826,testB-barrier-jump,2022-04-15 16:52:39.500,2022-04-15 16:53:02.101,exp-lookit-video-infant-control:videoStarted,exp-lookit-video-infant-control:videoPaused,0 days 00:04:04.674000,0 days 00:04:27.275000,testB,barrier-jump,9
0,dKUKK6,2022-04-15 16:48:34.826,testA-barrier-jump,2022-04-15 16:53:04.373,2022-04-15 16:53:17.001,exp-lookit-video-infant-control:videoStarted,exp-lookit-video-infant-control:videoPaused,0 days 00:04:29.547000,0 days 00:04:42.175000,testA,barrier-jump,10
